Spectral actinic flux, quanta cm-2 s-1 nm-1
values at z =      0.306 km
Columns: wavelength (nm), times (hrs.) or sza (deg.)
    wc, nm      0.000      0.250      0.500      0.750      1.000      1.250      1.500      1.750      2.000      2.250      2.500      2.750      3.000      3.250      3.500      3.750      4.000      4.250      4.500      4.750      5.000      5.250      5.500      5.750      6.000      6.250      6.500      6.750      7.000      7.250      7.500      7.750      8.000      8.250      8.500      8.750      9.000      9.250      9.500      9.750     10.000     10.250     10.500     10.750     11.000     11.250     11.500     11.750     12.000     12.250     12.500     12.750     13.000     13.250     13.500     13.750     14.000     14.250     14.500     14.750     15.000     15.250     15.500     15.750     16.000     16.250     16.500     16.750     17.000     17.250     17.500     17.750     18.000     18.250     18.500     18.750     19.000     19.250     19.500     19.750     20.000     20.250     20.500     20.750     21.000     21.250     21.500     21.750     22.000     22.250     22.500     22.750     23.000
    sza =     118.645    119.978    121.125    122.075    122.818    123.344    123.649    123.729    123.583    123.212    122.620    121.816    120.806    119.603    118.217    116.660    114.946    113.085    111.091    108.975    106.748    104.419    101.999     99.496     96.917     94.271     91.563     88.800     85.987     83.130     80.231     77.297     74.330     71.334     68.312     65.268     62.205     59.125     56.032     52.929     49.818     46.703     43.589     40.478     37.379     34.296     31.239     28.221     25.259     22.379     19.623     17.051     14.765     12.921     11.730     11.400     12.003     13.413     15.410     17.794     20.430     23.229     26.137     29.118     32.150     35.217     38.306     41.411     44.524     47.640     50.755     53.865     56.967     60.058     63.135     66.194     69.233     72.250     75.239     78.199     81.126     84.015     86.863     89.664     92.414     95.108     97.738    100.298    102.781    105.179    107.483    109.682    111.768
  120.7000  0.000E+00  0.000E+00  0.000E+00  0.000E+00  0.000E+00  0.000E+00  0.000E+00  0.000E+00  0.000E+00  0.000E+00  0.000E+00  0.000E+00  0.000E+00  0.000E+00  0.000E+00  0.000E+00  0.000E+00  0.000E+00  0.000E+00  0.000E+00  0.000E+00  0.000E+00  0.000E+00  0.000E+00  0.000E+00  0.000E+00  0.000E+00  0.000E+00  0.000E+00  0.000E+00  0.000E+00  0.000E+00  0.000E+00  0.000E+00  0.000E+00  0.000E+00  0.000E+00  0.000E+00  0.000E+00  0.000E+00  0.000E+00  0.000E+00  0.000E+00  0.000E+00  0.000E+00  0.000E+00  0.000E+00  0.000E+00  0.000E+00  0.000E+00  0.000E+00  0.000E+00  0.000E+00  0.000E+00  0.000E+00  0.000E+00  0.000E+00  0.000E+00  0.000E+00  0.000E+00  0.000E+00  0.000E+00  0.000E+00  0.000E+00  0.000E+00  0.000E+00  0.000E+00  0.000E+00  0.000E+00  0.000E+00  0.000E+00  0.000E+00  0.000E+00  0.000E+00  0.000E+00  0.000E+00  0.000E+00  0.000E+00  0.000E+00  0.000E+00  0.000E+00  0.000E+00  0.000E+00  0.000E+00  0.000E+00  0.000E+00  0.000E+00  0.000E+00  0.000E+00  0.000E+00  0.000E+00  0.000E+00  0.000E+00
  121.6500  0.000E+00  0.000E+00  0.000E+00  0.000E+00  0.000E+00  0.000E+00  0.000E+00  0.000E+00  0.000E+00  0.000E+00  0.000E+00  0.000E+00  0.000E+00  0.000E+00  0.000E+00  0.000E+00  0.000E+00  0.000E+00  0.000E+00  0.000E+00  0.000E+00  0.000E+00  0.000E+00  0.000E+00  0.000E+00  0.000E+00  0.000E+00  0.000E+00  0.000E+00  0.000E+00  0.000E+00  0.000E+00  0.000E+00  0.000E+00  0.000E+00  0.000E+00  0.000E+00  0.000E+00  0.000E+00  0.000E+00  0.000E+00  0.000E+00  0.000E+00  0.000E+00  0.000E+00  0.000E+00  0.000E+00  0.000E+00  0.000E+00  0.000E+00  0.000E+00  0.000E+00  0.000E+00  0.000E+00  0.000E+00  0.000E+00  0.000E+00  0.000E+00  0.000E+00  0.000E+00  0.000E+00  0.000E+00  0.000E+00  0.000E+00  0.000E+00  0.000E+00  0.000E+00  0.000E+00  0.000E+00  0.000E+00  0.000E+00  0.000E+00  0.000E+00  0.000E+00  0.000E+00  0.000E+00  0.000E+00  0.000E+00  0.000E+00  0.000E+00  0.000E+00  0.000E+00  0.000E+00  0.000E+00  0.000E+00  0.000E+00  0.000E+00  0.000E+00  0.000E+00  0.000E+00  0.000E+00  0.000E+00  0.000E+00
  122.1000  0.000E+00  0.000E+00  0.000E+00  0.000E+00  0.000E+00  0.000E+00  0.000E+00  0.000E+00  0.000E+00  0.000E+00  0.000E+00  0.000E+00  0.000E+00  0.000E+00  0.000E+00  0.000E+00  0.000E+00  0.000E+00  0.000E+00  0.000E+00  0.000E+00  0.000E+00  0.000E+00  0.000E+00  0.000E+00  0.000E+00  0.000E+00  0.000E+00  0.000E+00  0.000E+00  0.000E+00  0.000E+00  0.000E+00  0.000E+00  0.000E+00  0.000E+00  0.000E+00  0.000E+00  0.000E+00  0.000E+00  0.000E+00  0.000E+00  0.000E+00  0.000E+00  0.000E+00  0.000E+00  0.000E+00  0.000E+00  0.000E+00  0.000E+00  0.000E+00  0.000E+00  0.000E+00  0.000E+00  0.000E+00  0.000E+00  0.000E+00  0.000E+00  0.000E+00  0.000E+00  0.000E+00  0.000E+00  0.000E+00  0.000E+00  0.000E+00  0.000E+00  0.000E+00  0.000E+00  0.000E+00  0.000E+00  0.000E+00  0.000E+00  0.000E+00  0.000E+00  0.000E+00  0.000E+00  0.000E+00  0.000E+00  0.000E+00  0.000E+00  0.000E+00  0.000E+00  0.000E+00  0.000E+00  0.000E+00  0.000E+00  0.000E+00  0.000E+00  0.000E+00  0.000E+00  0.000E+00  0.000E+00  0.000E+00
  122.7000  0.000E+00  0.000E+00  0.000E+00  0.000E+00  0.000E+00  0.000E+00  0.000E+00  0.000E+00  0.000E+00  0.000E+00  0.000E+00  0.000E+00  0.000E+00  0.000E+00  0.000E+00  0.000E+00  0.000E+00  0.000E+00  0.000E+00  0.000E+00  0.000E+00  0.000E+00  0.000E+00  0.000E+00  0.000E+00  0.000E+00  0.000E+00  0.000E+00  0.000E+00  0.000E+00  0.000E+00  0.000E+00  0.000E+00  0.000E+00  0.000E+00  0.000E+00  0.000E+00  0.000E+00  0.000E+00  0.000E+00  0.000E+00  0.000E+00  0.000E+00  0.000E+00  0.000E+00  0.000E+00  0.000E+00  0.000E+00  0.000E+00  0.000E+00  0.000E+00  0.000E+00  0.000E+00  0.000E+00  0.000E+00  0.000E+00  0.000E+00  0.000E+00  0.000E+00  0.000E+00  0.000E+00  0.000E+00  0.000E+00  0.000E+00  0.000E+00  0.000E+00  0.000E+00  0.000E+00  0.000E+00  0.000E+00  0.000E+00  0.000E+00  0.000E+00  0.000E+00  0.000E+00  0.000E+00  0.000E+00  0.000E+00  0.000E+00  0.000E+00  0.000E+00  0.000E+00  0.000E+00  0.000E+00  0.000E+00  0.000E+00  0.000E+00  0.000E+00  0.000E+00  0.000E+00  0.000E+00  0.000E+00  0.000E+00
  123.4500  0.000E+00  0.000E+00  0.000E+00  0.000E+00  0.000E+00  0.000E+00  0.000E+00  0.000E+00  0.000E+00  0.000E+00  0.000E+00  0.000E+00  0.000E+00  0.000E+00  0.000E+00  0.000E+00  0.000E+00  0.000E+00  0.000E+00  0.000E+00  0.000E+00  0.000E+00  0.000E+00  0.000E+00  0.000E+00  0.000E+00  0.000E+00  0.000E+00  0.000E+00  0.000E+00  0.000E+00  0.000E+00  0.000E+00  0.000E+00  0.000E+00  0.000E+00  0.000E+00  0.000E+00  0.000E+00  0.000E+00  0.000E+00  0.000E+00  0.000E+00  0.000E+00  0.000E+00  0.000E+00  0.000E+00  0.000E+00  0.000E+00  0.000E+00  0.000E+00  0.000E+00  0.000E+00  0.000E+00  0.000E+00  0.000E+00  0.000E+00  0.000E+00  0.000E+00  0.000E+00  0.000E+00  0.000E+00  0.000E+00  0.000E+00  0.000E+00  0.000E+00  0.000E+00  0.000E+00  0.000E+00  0.000E+00  0.000E+00  0.000E+00  0.000E+00  0.000E+00  0.000E+00  0.000E+00  0.000E+00  0.000E+00  0.000E+00  0.000E+00  0.000E+00  0.000E+00  0.000E+00  0.000E+00  0.000E+00  0.000E+00  0.000E+00  0.000E+00  0.000E+00  0.000E+00  0.000E+00  0.000E+00  0.000E+00
  124.2000  0.000E+00  0.000E+00  0.000E+00  0.000E+00  0.000E+00  0.000E+00  0.000E+00  0.000E+00  0.000E+00  0.000E+00  0.000E+00  0.000E+00  0.000E+00  0.000E+00  0.000E+00  0.000E+00  0.000E+00  0.000E+00  0.000E+00  0.000E+00  0.000E+00  0.000E+00  0.000E+00  0.000E+00  0.000E+00  0.000E+00  0.000E+00  0.000E+00  0.000E+00  0.000E+00  0.000E+00  0.000E+00  0.000E+00  0.000E+00  0.000E+00  0.000E+00  0.000E+00  0.000E+00  0.000E+00  0.000E+00  0.000E+00  0.000E+00  0.000E+00  0.000E+00  0.000E+00  0.000E+00  0.000E+00  0.000E+00  0.000E+00  0.000E+00  0.000E+00  0.000E+00  0.000E+00  0.000E+00  0.000E+00  0.000E+00  0.000E+00  0.000E+00  0.000E+00  0.000E+00  0.000E+00  0.000E+00  0.000E+00  0.000E+00  0.000E+00  0.000E+00  0.000E+00  0.000E+00  0.000E+00  0.000E+00  0.000E+00  0.000E+00  0.000E+00  0.000E+00  0.000E+00  0.000E+00  0.000E+00  0.000E+00  0.000E+00  0.000E+00  0.000E+00  0.000E+00  0.000E+00  0.000E+00  0.000E+00  0.000E+00  0.000E+00  0.000E+00  0.000E+00  0.000E+00  0.000E+00  0.000E+00  0.000E+00
  125.0000  0.000E+00  0.000E+00  0.000E+00  0.000E+00  0.000E+00  0.000E+00  0.000E+00  0.000E+00  0.000E+00  0.000E+00  0.000E+00  0.000E+00  0.000E+00  0.000E+00  0.000E+00  0.000E+00  0.000E+00  0.000E+00  0.000E+00  0.000E+00  0.000E+00  0.000E+00  0.000E+00  0.000E+00  0.000E+00  0.000E+00  0.000E+00  0.000E+00  0.000E+00  0.000E+00  0.000E+00  0.000E+00  0.000E+00  0.000E+00  0.000E+00  0.000E+00  0.000E+00  0.000E+00  0.000E+00  0.000E+00  0.000E+00  0.000E+00  0.000E+00  0.000E+00  0.000E+00  0.000E+00  0.000E+00  0.000E+00  0.000E+00  0.000E+00  0.000E+00  0.000E+00  0.000E+00  0.000E+00  0.000E+00  0.000E+00  0.000E+00  0.000E+00  0.000E+00  0.000E+00  0.000E+00  0.000E+00  0.000E+00  0.000E+00  0.000E+00  0.000E+00  0.000E+00  0.000E+00  0.000E+00  0.000E+00  0.000E+00  0.000E+00  0.000E+00  0.000E+00  0.000E+00  0.000E+00  0.000E+00  0.000E+00  0.000E+00  0.000E+00  0.000E+00  0.000E+00  0.000E+00  0.000E+00  0.000E+00  0.000E+00  0.000E+00  0.000E+00  0.000E+00  0.000E+00  0.000E+00  0.000E+00  0.000E+00
  125.8000  0.000E+00  0.000E+00  0.000E+00  0.000E+00  0.000E+00  0.000E+00  0.000E+00  0.000E+00  0.000E+00  0.000E+00  0.000E+00  0.000E+00  0.000E+00  0.000E+00  0.000E+00  0.000E+00  0.000E+00  0.000E+00  0.000E+00  0.000E+00  0.000E+00  0.000E+00  0.000E+00  0.000E+00  0.000E+00  0.000E+00  0.000E+00  0.000E+00  0.000E+00  0.000E+00  0.000E+00  0.000E+00  0.000E+00  0.000E+00  0.000E+00  0.000E+00  0.000E+00  0.000E+00  0.000E+00  0.000E+00  0.000E+00  0.000E+00  0.000E+00  0.000E+00  0.000E+00  0.000E+00  0.000E+00  0.000E+00  0.000E+00  0.000E+00  0.000E+00  0.000E+00  0.000E+00  0.000E+00  0.000E+00  0.000E+00  0.000E+00  0.000E+00  0.000E+00  0.000E+00  0.000E+00  0.000E+00  0.000E+00  0.000E+00  0.000E+00  0.000E+00  0.000E+00  0.000E+00  0.000E+00  0.000E+00  0.000E+00  0.000E+00  0.000E+00  0.000E+00  0.000E+00  0.000E+00  0.000E+00  0.000E+00  0.000E+00  0.000E+00  0.000E+00  0.000E+00  0.000E+00  0.000E+00  0.000E+00  0.000E+00  0.000E+00  0.000E+00  0.000E+00  0.000E+00  0.000E+00  0.000E+00  0.000E+00
  126.6000  0.000E+00  0.000E+00  0.000E+00  0.000E+00  0.000E+00  0.000E+00  0.000E+00  0.000E+00  0.000E+00  0.000E+00  0.000E+00  0.000E+00  0.000E+00  0.000E+00  0.000E+00  0.000E+00  0.000E+00  0.000E+00  0.000E+00  0.000E+00  0.000E+00  0.000E+00  0.000E+00  0.000E+00  0.000E+00  0.000E+00  0.000E+00  0.000E+00  0.000E+00  0.000E+00  0.000E+00  0.000E+00  0.000E+00  0.000E+00  0.000E+00  0.000E+00  0.000E+00  0.000E+00  0.000E+00  0.000E+00  0.000E+00  0.000E+00  0.000E+00  0.000E+00  0.000E+00  0.000E+00  0.000E+00  0.000E+00  0.000E+00  0.000E+00  0.000E+00  0.000E+00  0.000E+00  0.000E+00  0.000E+00  0.000E+00  0.000E+00  0.000E+00  0.000E+00  0.000E+00  0.000E+00  0.000E+00  0.000E+00  0.000E+00  0.000E+00  0.000E+00  0.000E+00  0.000E+00  0.000E+00  0.000E+00  0.000E+00  0.000E+00  0.000E+00  0.000E+00  0.000E+00  0.000E+00  0.000E+00  0.000E+00  0.000E+00  0.000E+00  0.000E+00  0.000E+00  0.000E+00  0.000E+00  0.000E+00  0.000E+00  0.000E+00  0.000E+00  0.000E+00  0.000E+00  0.000E+00  0.000E+00  0.000E+00
  127.8000  0.000E+00  0.000E+00  0.000E+00  0.000E+00  0.000E+00  0.000E+00  0.000E+00  0.000E+00  0.000E+00  0.000E+00  0.000E+00  0.000E+00  0.000E+00  0.000E+00  0.000E+00  0.000E+00  0.000E+00  0.000E+00  0.000E+00  0.000E+00  0.000E+00  0.000E+00  0.000E+00  0.000E+00  0.000E+00  0.000E+00  0.000E+00  0.000E+00  0.000E+00  0.000E+00  0.000E+00  0.000E+00  0.000E+00  0.000E+00  0.000E+00  0.000E+00  0.000E+00  0.000E+00  0.000E+00  0.000E+00  0.000E+00  0.000E+00  0.000E+00  0.000E+00  0.000E+00  0.000E+00  0.000E+00  0.000E+00  0.000E+00  0.000E+00  0.000E+00  0.000E+00  0.000E+00  0.000E+00  0.000E+00  0.000E+00  0.000E+00  0.000E+00  0.000E+00  0.000E+00  0.000E+00  0.000E+00  0.000E+00  0.000E+00  0.000E+00  0.000E+00  0.000E+00  0.000E+00  0.000E+00  0.000E+00  0.000E+00  0.000E+00  0.000E+00  0.000E+00  0.000E+00  0.000E+00  0.000E+00  0.000E+00  0.000E+00  0.000E+00  0.000E+00  0.000E+00  0.000E+00  0.000E+00  0.000E+00  0.000E+00  0.000E+00  0.000E+00  0.000E+00  0.000E+00  0.000E+00  0.000E+00  0.000E+00
  129.0000  0.000E+00  0.000E+00  0.000E+00  0.000E+00  0.000E+00  0.000E+00  0.000E+00  0.000E+00  0.000E+00  0.000E+00  0.000E+00  0.000E+00  0.000E+00  0.000E+00  0.000E+00  0.000E+00  0.000E+00  0.000E+00  0.000E+00  0.000E+00  0.000E+00  0.000E+00  0.000E+00  0.000E+00  0.000E+00  0.000E+00  0.000E+00  0.000E+00  0.000E+00  0.000E+00  0.000E+00  0.000E+00  0.000E+00  0.000E+00  0.000E+00  0.000E+00  0.000E+00  0.000E+00  0.000E+00  0.000E+00  0.000E+00  0.000E+00  0.000E+00  0.000E+00  0.000E+00  0.000E+00  0.000E+00  0.000E+00  0.000E+00  0.000E+00  0.000E+00  0.000E+00  0.000E+00  0.000E+00  0.000E+00  0.000E+00  0.000E+00  0.000E+00  0.000E+00  0.000E+00  0.000E+00  0.000E+00  0.000E+00  0.000E+00  0.000E+00  0.000E+00  0.000E+00  0.000E+00  0.000E+00  0.000E+00  0.000E+00  0.000E+00  0.000E+00  0.000E+00  0.000E+00  0.000E+00  0.000E+00  0.000E+00  0.000E+00  0.000E+00  0.000E+00  0.000E+00  0.000E+00  0.000E+00  0.000E+00  0.000E+00  0.000E+00  0.000E+00  0.000E+00  0.000E+00  0.000E+00  0.000E+00  0.000E+00
  129.8500  0.000E+00  0.000E+00  0.000E+00  0.000E+00  0.000E+00  0.000E+00  0.000E+00  0.000E+00  0.000E+00  0.000E+00  0.000E+00  0.000E+00  0.000E+00  0.000E+00  0.000E+00  0.000E+00  0.000E+00  0.000E+00  0.000E+00  0.000E+00  0.000E+00  0.000E+00  0.000E+00  0.000E+00  0.000E+00  0.000E+00  0.000E+00  0.000E+00  0.000E+00  0.000E+00  0.000E+00  0.000E+00  0.000E+00  0.000E+00  0.000E+00  0.000E+00  0.000E+00  0.000E+00  0.000E+00  0.000E+00  0.000E+00  0.000E+00  0.000E+00  0.000E+00  0.000E+00  0.000E+00  0.000E+00  0.000E+00  0.000E+00  0.000E+00  0.000E+00  0.000E+00  0.000E+00  0.000E+00  0.000E+00  0.000E+00  0.000E+00  0.000E+00  0.000E+00  0.000E+00  0.000E+00  0.000E+00  0.000E+00  0.000E+00  0.000E+00  0.000E+00  0.000E+00  0.000E+00  0.000E+00  0.000E+00  0.000E+00  0.000E+00  0.000E+00  0.000E+00  0.000E+00  0.000E+00  0.000E+00  0.000E+00  0.000E+00  0.000E+00  0.000E+00  0.000E+00  0.000E+00  0.000E+00  0.000E+00  0.000E+00  0.000E+00  0.000E+00  0.000E+00  0.000E+00  0.000E+00  0.000E+00  0.000E+00
  131.1500  0.000E+00  0.000E+00  0.000E+00  0.000E+00  0.000E+00  0.000E+00  0.000E+00  0.000E+00  0.000E+00  0.000E+00  0.000E+00  0.000E+00  0.000E+00  0.000E+00  0.000E+00  0.000E+00  0.000E+00  0.000E+00  0.000E+00  0.000E+00  0.000E+00  0.000E+00  0.000E+00  0.000E+00  0.000E+00  0.000E+00  0.000E+00  0.000E+00  0.000E+00  0.000E+00  0.000E+00  0.000E+00  0.000E+00  0.000E+00  0.000E+00  0.000E+00  0.000E+00  0.000E+00  0.000E+00  0.000E+00  0.000E+00  0.000E+00  0.000E+00  0.000E+00  0.000E+00  0.000E+00  0.000E+00  0.000E+00  0.000E+00  0.000E+00  0.000E+00  0.000E+00  0.000E+00  0.000E+00  0.000E+00  0.000E+00  0.000E+00  0.000E+00  0.000E+00  0.000E+00  0.000E+00  0.000E+00  0.000E+00  0.000E+00  0.000E+00  0.000E+00  0.000E+00  0.000E+00  0.000E+00  0.000E+00  0.000E+00  0.000E+00  0.000E+00  0.000E+00  0.000E+00  0.000E+00  0.000E+00  0.000E+00  0.000E+00  0.000E+00  0.000E+00  0.000E+00  0.000E+00  0.000E+00  0.000E+00  0.000E+00  0.000E+00  0.000E+00  0.000E+00  0.000E+00  0.000E+00  0.000E+00  0.000E+00
  133.5000  0.000E+00  0.000E+00  0.000E+00  0.000E+00  0.000E+00  0.000E+00  0.000E+00  0.000E+00  0.000E+00  0.000E+00  0.000E+00  0.000E+00  0.000E+00  0.000E+00  0.000E+00  0.000E+00  0.000E+00  0.000E+00  0.000E+00  0.000E+00  0.000E+00  0.000E+00  0.000E+00  0.000E+00  0.000E+00  0.000E+00  0.000E+00  0.000E+00  0.000E+00  0.000E+00  0.000E+00  0.000E+00  0.000E+00  0.000E+00  0.000E+00  0.000E+00  0.000E+00  0.000E+00  0.000E+00  0.000E+00  0.000E+00  0.000E+00  0.000E+00  0.000E+00  0.000E+00  0.000E+00  0.000E+00  0.000E+00  0.000E+00  0.000E+00  0.000E+00  0.000E+00  0.000E+00  0.000E+00  0.000E+00  0.000E+00  0.000E+00  0.000E+00  0.000E+00  0.000E+00  0.000E+00  0.000E+00  0.000E+00  0.000E+00  0.000E+00  0.000E+00  0.000E+00  0.000E+00  0.000E+00  0.000E+00  0.000E+00  0.000E+00  0.000E+00  0.000E+00  0.000E+00  0.000E+00  0.000E+00  0.000E+00  0.000E+00  0.000E+00  0.000E+00  0.000E+00  0.000E+00  0.000E+00  0.000E+00  0.000E+00  0.000E+00  0.000E+00  0.000E+00  0.000E+00  0.000E+00  0.000E+00  0.000E+00
  136.0000  0.000E+00  0.000E+00  0.000E+00  0.000E+00  0.000E+00  0.000E+00  0.000E+00  0.000E+00  0.000E+00  0.000E+00  0.000E+00  0.000E+00  0.000E+00  0.000E+00  0.000E+00  0.000E+00  0.000E+00  0.000E+00  0.000E+00  0.000E+00  0.000E+00  0.000E+00  0.000E+00  0.000E+00  0.000E+00  0.000E+00  0.000E+00  0.000E+00  0.000E+00  0.000E+00  0.000E+00  0.000E+00  0.000E+00  0.000E+00  0.000E+00  0.000E+00  0.000E+00  0.000E+00  0.000E+00  0.000E+00  0.000E+00  0.000E+00  0.000E+00  0.000E+00  0.000E+00  0.000E+00  0.000E+00  0.000E+00  0.000E+00  0.000E+00  0.000E+00  0.000E+00  0.000E+00  0.000E+00  0.000E+00  0.000E+00  0.000E+00  0.000E+00  0.000E+00  0.000E+00  0.000E+00  0.000E+00  0.000E+00  0.000E+00  0.000E+00  0.000E+00  0.000E+00  0.000E+00  0.000E+00  0.000E+00  0.000E+00  0.000E+00  0.000E+00  0.000E+00  0.000E+00  0.000E+00  0.000E+00  0.000E+00  0.000E+00  0.000E+00  0.000E+00  0.000E+00  0.000E+00  0.000E+00  0.000E+00  0.000E+00  0.000E+00  0.000E+00  0.000E+00  0.000E+00  0.000E+00  0.000E+00  0.000E+00
  141.0000  0.000E+00  0.000E+00  0.000E+00  0.000E+00  0.000E+00  0.000E+00  0.000E+00  0.000E+00  0.000E+00  0.000E+00  0.000E+00  0.000E+00  0.000E+00  0.000E+00  0.000E+00  0.000E+00  0.000E+00  0.000E+00  0.000E+00  0.000E+00  0.000E+00  0.000E+00  0.000E+00  0.000E+00  0.000E+00  0.000E+00  0.000E+00  0.000E+00  0.000E+00  0.000E+00  0.000E+00  0.000E+00  0.000E+00  0.000E+00  0.000E+00  0.000E+00  0.000E+00  0.000E+00  0.000E+00  0.000E+00  0.000E+00  0.000E+00  0.000E+00  0.000E+00  0.000E+00  0.000E+00  0.000E+00  0.000E+00  0.000E+00  0.000E+00  0.000E+00  0.000E+00  0.000E+00  0.000E+00  0.000E+00  0.000E+00  0.000E+00  0.000E+00  0.000E+00  0.000E+00  0.000E+00  0.000E+00  0.000E+00  0.000E+00  0.000E+00  0.000E+00  0.000E+00  0.000E+00  0.000E+00  0.000E+00  0.000E+00  0.000E+00  0.000E+00  0.000E+00  0.000E+00  0.000E+00  0.000E+00  0.000E+00  0.000E+00  0.000E+00  0.000E+00  0.000E+00  0.000E+00  0.000E+00  0.000E+00  0.000E+00  0.000E+00  0.000E+00  0.000E+00  0.000E+00  0.000E+00  0.000E+00  0.000E+00
  150.0000  0.000E+00  0.000E+00  0.000E+00  0.000E+00  0.000E+00  0.000E+00  0.000E+00  0.000E+00  0.000E+00  0.000E+00  0.000E+00  0.000E+00  0.000E+00  0.000E+00  0.000E+00  0.000E+00  0.000E+00  0.000E+00  0.000E+00  0.000E+00  0.000E+00  0.000E+00  0.000E+00  0.000E+00  0.000E+00  0.000E+00  0.000E+00  0.000E+00  0.000E+00  0.000E+00  0.000E+00  0.000E+00  0.000E+00  0.000E+00  0.000E+00  0.000E+00  0.000E+00  0.000E+00  0.000E+00  0.000E+00  0.000E+00  0.000E+00  0.000E+00  0.000E+00  0.000E+00  0.000E+00  0.000E+00  0.000E+00  0.000E+00  0.000E+00  0.000E+00  0.000E+00  0.000E+00  0.000E+00  0.000E+00  0.000E+00  0.000E+00  0.000E+00  0.000E+00  0.000E+00  0.000E+00  0.000E+00  0.000E+00  0.000E+00  0.000E+00  0.000E+00  0.000E+00  0.000E+00  0.000E+00  0.000E+00  0.000E+00  0.000E+00  0.000E+00  0.000E+00  0.000E+00  0.000E+00  0.000E+00  0.000E+00  0.000E+00  0.000E+00  0.000E+00  0.000E+00  0.000E+00  0.000E+00  0.000E+00  0.000E+00  0.000E+00  0.000E+00  0.000E+00  0.000E+00  0.000E+00  0.000E+00  0.000E+00
  160.0000  0.000E+00  0.000E+00  0.000E+00  0.000E+00  0.000E+00  0.000E+00  0.000E+00  0.000E+00  0.000E+00  0.000E+00  0.000E+00  0.000E+00  0.000E+00  0.000E+00  0.000E+00  0.000E+00  0.000E+00  0.000E+00  0.000E+00  0.000E+00  0.000E+00  0.000E+00  0.000E+00  0.000E+00  0.000E+00  0.000E+00  0.000E+00  0.000E+00  0.000E+00  0.000E+00  0.000E+00  0.000E+00  0.000E+00  0.000E+00  0.000E+00  0.000E+00  0.000E+00  0.000E+00  0.000E+00  0.000E+00  0.000E+00  0.000E+00  0.000E+00  0.000E+00  0.000E+00  0.000E+00  0.000E+00  0.000E+00  0.000E+00  0.000E+00  0.000E+00  0.000E+00  0.000E+00  0.000E+00  0.000E+00  0.000E+00  0.000E+00  0.000E+00  0.000E+00  0.000E+00  0.000E+00  0.000E+00  0.000E+00  0.000E+00  0.000E+00  0.000E+00  0.000E+00  0.000E+00  0.000E+00  0.000E+00  0.000E+00  0.000E+00  0.000E+00  0.000E+00  0.000E+00  0.000E+00  0.000E+00  0.000E+00  0.000E+00  0.000E+00  0.000E+00  0.000E+00  0.000E+00  0.000E+00  0.000E+00  0.000E+00  0.000E+00  0.000E+00  0.000E+00  0.000E+00  0.000E+00  0.000E+00  0.000E+00
  167.5000  0.000E+00  0.000E+00  0.000E+00  0.000E+00  0.000E+00  0.000E+00  0.000E+00  0.000E+00  0.000E+00  0.000E+00  0.000E+00  0.000E+00  0.000E+00  0.000E+00  0.000E+00  0.000E+00  0.000E+00  0.000E+00  0.000E+00  0.000E+00  0.000E+00  0.000E+00  0.000E+00  0.000E+00  0.000E+00  0.000E+00  0.000E+00  0.000E+00  0.000E+00  0.000E+00  0.000E+00  0.000E+00  0.000E+00  0.000E+00  0.000E+00  0.000E+00  0.000E+00  0.000E+00  0.000E+00  0.000E+00  0.000E+00  0.000E+00  0.000E+00  0.000E+00  0.000E+00  0.000E+00  0.000E+00  0.000E+00  0.000E+00  0.000E+00  0.000E+00  0.000E+00  0.000E+00  0.000E+00  0.000E+00  0.000E+00  0.000E+00  0.000E+00  0.000E+00  0.000E+00  0.000E+00  0.000E+00  0.000E+00  0.000E+00  0.000E+00  0.000E+00  0.000E+00  0.000E+00  0.000E+00  0.000E+00  0.000E+00  0.000E+00  0.000E+00  0.000E+00  0.000E+00  0.000E+00  0.000E+00  0.000E+00  0.000E+00  0.000E+00  0.000E+00  0.000E+00  0.000E+00  0.000E+00  0.000E+00  0.000E+00  0.000E+00  0.000E+00  0.000E+00  0.000E+00  0.000E+00  0.000E+00  0.000E+00
  172.2000  0.000E+00  0.000E+00  0.000E+00  0.000E+00  0.000E+00  0.000E+00  0.000E+00  0.000E+00  0.000E+00  0.000E+00  0.000E+00  0.000E+00  0.000E+00  0.000E+00  0.000E+00  0.000E+00  0.000E+00  0.000E+00  0.000E+00  0.000E+00  0.000E+00  0.000E+00  0.000E+00  0.000E+00  0.000E+00  0.000E+00  0.000E+00  0.000E+00  0.000E+00  0.000E+00  0.000E+00  0.000E+00  0.000E+00  0.000E+00  0.000E+00  0.000E+00  0.000E+00  0.000E+00  0.000E+00  0.000E+00  0.000E+00  0.000E+00  0.000E+00  0.000E+00  0.000E+00  0.000E+00  0.000E+00  0.000E+00  0.000E+00  0.000E+00  0.000E+00  0.000E+00  0.000E+00  0.000E+00  0.000E+00  0.000E+00  0.000E+00  0.000E+00  0.000E+00  0.000E+00  0.000E+00  0.000E+00  0.000E+00  0.000E+00  0.000E+00  0.000E+00  0.000E+00  0.000E+00  0.000E+00  0.000E+00  0.000E+00  0.000E+00  0.000E+00  0.000E+00  0.000E+00  0.000E+00  0.000E+00  0.000E+00  0.000E+00  0.000E+00  0.000E+00  0.000E+00  0.000E+00  0.000E+00  0.000E+00  0.000E+00  0.000E+00  0.000E+00  0.000E+00  0.000E+00  0.000E+00  0.000E+00  0.000E+00
  175.7000  0.000E+00  0.000E+00  0.000E+00  0.000E+00  0.000E+00  0.000E+00  0.000E+00  0.000E+00  0.000E+00  0.000E+00  0.000E+00  0.000E+00  0.000E+00  0.000E+00  0.000E+00  0.000E+00  0.000E+00  0.000E+00  0.000E+00  0.000E+00  0.000E+00  0.000E+00  0.000E+00  0.000E+00  0.000E+00  0.000E+00  0.000E+00  0.000E+00  0.000E+00  0.000E+00  0.000E+00  0.000E+00  0.000E+00  0.000E+00  0.000E+00  0.000E+00  0.000E+00  0.000E+00  0.000E+00  0.000E+00  0.000E+00  0.000E+00  0.000E+00  0.000E+00  0.000E+00  0.000E+00  0.000E+00  0.000E+00  0.000E+00  0.000E+00  0.000E+00  0.000E+00  0.000E+00  0.000E+00  0.000E+00  0.000E+00  0.000E+00  0.000E+00  0.000E+00  0.000E+00  0.000E+00  0.000E+00  0.000E+00  0.000E+00  0.000E+00  0.000E+00  0.000E+00  0.000E+00  0.000E+00  0.000E+00  0.000E+00  0.000E+00  0.000E+00  0.000E+00  0.000E+00  0.000E+00  0.000E+00  0.000E+00  0.000E+00  0.000E+00  0.000E+00  0.000E+00  0.000E+00  0.000E+00  0.000E+00  0.000E+00  0.000E+00  0.000E+00  0.000E+00  0.000E+00  0.000E+00  0.000E+00  0.000E+00
  177.8000  0.000E+00  0.000E+00  0.000E+00  0.000E+00  0.000E+00  0.000E+00  0.000E+00  0.000E+00  0.000E+00  0.000E+00  0.000E+00  0.000E+00  0.000E+00  0.000E+00  0.000E+00  0.000E+00  0.000E+00  0.000E+00  0.000E+00  0.000E+00  0.000E+00  0.000E+00  0.000E+00  0.000E+00  0.000E+00  0.000E+00  0.000E+00  0.000E+00  0.000E+00  0.000E+00  0.000E+00  0.000E+00  0.000E+00  0.000E+00  0.000E+00  0.000E+00  0.000E+00  0.000E+00  0.000E+00  0.000E+00  0.000E+00  0.000E+00  0.000E+00  0.000E+00  0.000E+00  0.000E+00  0.000E+00  0.000E+00  0.000E+00  0.000E+00  0.000E+00  0.000E+00  0.000E+00  0.000E+00  0.000E+00  0.000E+00  0.000E+00  0.000E+00  0.000E+00  0.000E+00  0.000E+00  0.000E+00  0.000E+00  0.000E+00  0.000E+00  0.000E+00  0.000E+00  0.000E+00  0.000E+00  0.000E+00  0.000E+00  0.000E+00  0.000E+00  0.000E+00  0.000E+00  0.000E+00  0.000E+00  0.000E+00  0.000E+00  0.000E+00  0.000E+00  0.000E+00  0.000E+00  0.000E+00  0.000E+00  0.000E+00  0.000E+00  0.000E+00  0.000E+00  0.000E+00  0.000E+00  0.000E+00  0.000E+00
  179.4000  0.000E+00  0.000E+00  0.000E+00  0.000E+00  0.000E+00  0.000E+00  0.000E+00  0.000E+00  0.000E+00  0.000E+00  0.000E+00  0.000E+00  0.000E+00  0.000E+00  0.000E+00  0.000E+00  0.000E+00  0.000E+00  0.000E+00  0.000E+00  0.000E+00  0.000E+00  0.000E+00  0.000E+00  0.000E+00  0.000E+00  0.000E+00  0.000E+00  0.000E+00  0.000E+00  0.000E+00  0.000E+00  0.000E+00  0.000E+00  0.000E+00  0.000E+00  0.000E+00  0.000E+00  0.000E+00  0.000E+00  0.000E+00  0.000E+00  0.000E+00  0.000E+00  0.000E+00  0.000E+00  0.000E+00  0.000E+00  0.000E+00  0.000E+00  0.000E+00  0.000E+00  0.000E+00  0.000E+00  0.000E+00  0.000E+00  0.000E+00  0.000E+00  0.000E+00  0.000E+00  0.000E+00  0.000E+00  0.000E+00  0.000E+00  0.000E+00  0.000E+00  0.000E+00  0.000E+00  0.000E+00  0.000E+00  0.000E+00  0.000E+00  0.000E+00  0.000E+00  0.000E+00  0.000E+00  0.000E+00  0.000E+00  0.000E+00  0.000E+00  0.000E+00  0.000E+00  0.000E+00  0.000E+00  0.000E+00  0.000E+00  0.000E+00  0.000E+00  0.000E+00  0.000E+00  0.000E+00  0.000E+00  0.000E+00
  181.0000  0.000E+00  0.000E+00  0.000E+00  0.000E+00  0.000E+00  0.000E+00  0.000E+00  0.000E+00  0.000E+00  0.000E+00  0.000E+00  0.000E+00  0.000E+00  0.000E+00  0.000E+00  0.000E+00  0.000E+00  0.000E+00  0.000E+00  0.000E+00  0.000E+00  0.000E+00  0.000E+00  0.000E+00  0.000E+00  0.000E+00  0.000E+00  0.000E+00  0.000E+00  0.000E+00  0.000E+00  0.000E+00  0.000E+00  0.000E+00  0.000E+00  0.000E+00  0.000E+00  0.000E+00  0.000E+00  0.000E+00  0.000E+00  0.000E+00  0.000E+00  0.000E+00  0.000E+00  0.000E+00  0.000E+00  0.000E+00  0.000E+00  0.000E+00  0.000E+00  0.000E+00  0.000E+00  0.000E+00  0.000E+00  0.000E+00  0.000E+00  0.000E+00  0.000E+00  0.000E+00  0.000E+00  0.000E+00  0.000E+00  0.000E+00  0.000E+00  0.000E+00  0.000E+00  0.000E+00  0.000E+00  0.000E+00  0.000E+00  0.000E+00  0.000E+00  0.000E+00  0.000E+00  0.000E+00  0.000E+00  0.000E+00  0.000E+00  0.000E+00  0.000E+00  0.000E+00  0.000E+00  0.000E+00  0.000E+00  0.000E+00  0.000E+00  0.000E+00  0.000E+00  0.000E+00  0.000E+00  0.000E+00  0.000E+00
  182.6500  0.000E+00  0.000E+00  0.000E+00  0.000E+00  0.000E+00  0.000E+00  0.000E+00  0.000E+00  0.000E+00  0.000E+00  0.000E+00  0.000E+00  0.000E+00  0.000E+00  0.000E+00  0.000E+00  0.000E+00  0.000E+00  0.000E+00  0.000E+00  0.000E+00  0.000E+00  0.000E+00  0.000E+00  0.000E+00  0.000E+00  0.000E+00  0.000E+00  0.000E+00  0.000E+00  0.000E+00  0.000E+00  0.000E+00  0.000E+00  0.000E+00  0.000E+00  0.000E+00  0.000E+00  0.000E+00  0.000E+00  0.000E+00  0.000E+00  0.000E+00  0.000E+00  0.000E+00  0.000E+00  0.000E+00  0.000E+00  0.000E+00  0.000E+00  0.000E+00  0.000E+00  0.000E+00  0.000E+00  0.000E+00  0.000E+00  0.000E+00  0.000E+00  0.000E+00  0.000E+00  0.000E+00  0.000E+00  0.000E+00  0.000E+00  0.000E+00  0.000E+00  0.000E+00  0.000E+00  0.000E+00  0.000E+00  0.000E+00  0.000E+00  0.000E+00  0.000E+00  0.000E+00  0.000E+00  0.000E+00  0.000E+00  0.000E+00  0.000E+00  0.000E+00  0.000E+00  0.000E+00  0.000E+00  0.000E+00  0.000E+00  0.000E+00  0.000E+00  0.000E+00  0.000E+00  0.000E+00  0.000E+00  0.000E+00
  184.3500  0.000E+00  0.000E+00  0.000E+00  0.000E+00  0.000E+00  0.000E+00  0.000E+00  0.000E+00  0.000E+00  0.000E+00  0.000E+00  0.000E+00  0.000E+00  0.000E+00  0.000E+00  0.000E+00  0.000E+00  0.000E+00  0.000E+00  0.000E+00  0.000E+00  0.000E+00  0.000E+00  0.000E+00  0.000E+00  0.000E+00  0.000E+00  0.000E+00  0.000E+00  0.000E+00  0.000E+00  0.000E+00  0.000E+00  0.000E+00  0.000E+00  0.000E+00  0.000E+00  0.000E+00  0.000E+00  0.000E+00  0.000E+00  0.000E+00  0.000E+00  0.000E+00  0.000E+00  0.000E+00  0.000E+00  0.000E+00  0.000E+00  0.000E+00  0.000E+00  0.000E+00  0.000E+00  0.000E+00  0.000E+00  0.000E+00  0.000E+00  0.000E+00  0.000E+00  0.000E+00  0.000E+00  0.000E+00  0.000E+00  0.000E+00  0.000E+00  0.000E+00  0.000E+00  0.000E+00  0.000E+00  0.000E+00  0.000E+00  0.000E+00  0.000E+00  0.000E+00  0.000E+00  0.000E+00  0.000E+00  0.000E+00  0.000E+00  0.000E+00  0.000E+00  0.000E+00  0.000E+00  0.000E+00  0.000E+00  0.000E+00  0.000E+00  0.000E+00  0.000E+00  0.000E+00  0.000E+00  0.000E+00  0.000E+00
  186.0500  0.000E+00  0.000E+00  0.000E+00  0.000E+00  0.000E+00  0.000E+00  0.000E+00  0.000E+00  0.000E+00  0.000E+00  0.000E+00  0.000E+00  0.000E+00  0.000E+00  0.000E+00  0.000E+00  0.000E+00  0.000E+00  0.000E+00  0.000E+00  0.000E+00  0.000E+00  0.000E+00  0.000E+00  0.000E+00  0.000E+00  0.000E+00  0.000E+00  0.000E+00  0.000E+00  0.000E+00  0.000E+00  0.000E+00  0.000E+00  0.000E+00  0.000E+00  0.000E+00  0.000E+00  0.000E+00  0.000E+00  0.000E+00  0.000E+00  0.000E+00  0.000E+00  0.000E+00  0.000E+00  0.000E+00  0.000E+00  0.000E+00  0.000E+00  0.000E+00  0.000E+00  0.000E+00  0.000E+00  0.000E+00  0.000E+00  0.000E+00  0.000E+00  0.000E+00  0.000E+00  0.000E+00  0.000E+00  0.000E+00  0.000E+00  0.000E+00  0.000E+00  0.000E+00  0.000E+00  0.000E+00  0.000E+00  0.000E+00  0.000E+00  0.000E+00  0.000E+00  0.000E+00  0.000E+00  0.000E+00  0.000E+00  0.000E+00  0.000E+00  0.000E+00  0.000E+00  0.000E+00  0.000E+00  0.000E+00  0.000E+00  0.000E+00  0.000E+00  0.000E+00  0.000E+00  0.000E+00  0.000E+00  0.000E+00
  187.8000  0.000E+00  0.000E+00  0.000E+00  0.000E+00  0.000E+00  0.000E+00  0.000E+00  0.000E+00  0.000E+00  0.000E+00  0.000E+00  0.000E+00  0.000E+00  0.000E+00  0.000E+00  0.000E+00  0.000E+00  0.000E+00  0.000E+00  0.000E+00  0.000E+00  0.000E+00  0.000E+00  0.000E+00  0.000E+00  0.000E+00  0.000E+00  0.000E+00  0.000E+00  0.000E+00  0.000E+00  0.000E+00  0.000E+00  0.000E+00  0.000E+00  0.000E+00  0.000E+00  0.000E+00  0.000E+00  0.000E+00  0.000E+00  0.000E+00  0.000E+00  0.000E+00  0.000E+00  0.000E+00  0.000E+00  0.000E+00  0.000E+00  0.000E+00  0.000E+00  0.000E+00  0.000E+00  0.000E+00  0.000E+00  0.000E+00  0.000E+00  0.000E+00  0.000E+00  0.000E+00  0.000E+00  0.000E+00  0.000E+00  0.000E+00  0.000E+00  0.000E+00  0.000E+00  0.000E+00  0.000E+00  0.000E+00  0.000E+00  0.000E+00  0.000E+00  0.000E+00  0.000E+00  0.000E+00  0.000E+00  0.000E+00  0.000E+00  0.000E+00  0.000E+00  0.000E+00  0.000E+00  0.000E+00  0.000E+00  0.000E+00  0.000E+00  0.000E+00  0.000E+00  0.000E+00  0.000E+00  0.000E+00  0.000E+00
  189.6000  0.000E+00  0.000E+00  0.000E+00  0.000E+00  0.000E+00  0.000E+00  0.000E+00  0.000E+00  0.000E+00  0.000E+00  0.000E+00  0.000E+00  0.000E+00  0.000E+00  0.000E+00  0.000E+00  0.000E+00  0.000E+00  0.000E+00  0.000E+00  0.000E+00  0.000E+00  0.000E+00  0.000E+00  0.000E+00  0.000E+00  0.000E+00  0.000E+00  0.000E+00  0.000E+00  0.000E+00  0.000E+00  0.000E+00  0.000E+00  0.000E+00  0.000E+00  0.000E+00  0.000E+00  0.000E+00  0.000E+00  0.000E+00  0.000E+00  0.000E+00  0.000E+00  0.000E+00  0.000E+00  0.000E+00  0.000E+00  0.000E+00  0.000E+00  0.000E+00  0.000E+00  0.000E+00  0.000E+00  0.000E+00  0.000E+00  0.000E+00  0.000E+00  0.000E+00  0.000E+00  0.000E+00  0.000E+00  0.000E+00  0.000E+00  0.000E+00  0.000E+00  0.000E+00  0.000E+00  0.000E+00  0.000E+00  0.000E+00  0.000E+00  0.000E+00  0.000E+00  0.000E+00  0.000E+00  0.000E+00  0.000E+00  0.000E+00  0.000E+00  0.000E+00  0.000E+00  0.000E+00  0.000E+00  0.000E+00  0.000E+00  0.000E+00  0.000E+00  0.000E+00  0.000E+00  0.000E+00  0.000E+00  0.000E+00
  191.4000  0.000E+00  0.000E+00  0.000E+00  0.000E+00  0.000E+00  0.000E+00  0.000E+00  0.000E+00  0.000E+00  0.000E+00  0.000E+00  0.000E+00  0.000E+00  0.000E+00  0.000E+00  0.000E+00  0.000E+00  0.000E+00  0.000E+00  0.000E+00  0.000E+00  0.000E+00  0.000E+00  0.000E+00  0.000E+00  0.000E+00  0.000E+00  0.000E+00  0.000E+00  0.000E+00  0.000E+00  0.000E+00  0.000E+00  0.000E+00  0.000E+00  0.000E+00  0.000E+00  0.000E+00  0.000E+00  0.000E+00  0.000E+00  0.000E+00  0.000E+00  0.000E+00  0.000E+00  0.000E+00  0.000E+00  0.000E+00  0.000E+00  0.000E+00  0.000E+00  0.000E+00  0.000E+00  0.000E+00  0.000E+00  0.000E+00  0.000E+00  0.000E+00  0.000E+00  0.000E+00  0.000E+00  0.000E+00  0.000E+00  0.000E+00  0.000E+00  0.000E+00  0.000E+00  0.000E+00  0.000E+00  0.000E+00  0.000E+00  0.000E+00  0.000E+00  0.000E+00  0.000E+00  0.000E+00  0.000E+00  0.000E+00  0.000E+00  0.000E+00  0.000E+00  0.000E+00  0.000E+00  0.000E+00  0.000E+00  0.000E+00  0.000E+00  0.000E+00  0.000E+00  0.000E+00  0.000E+00  0.000E+00  0.000E+00
  193.2500  0.000E+00  0.000E+00  0.000E+00  0.000E+00  0.000E+00  0.000E+00  0.000E+00  0.000E+00  0.000E+00  0.000E+00  0.000E+00  0.000E+00  0.000E+00  0.000E+00  0.000E+00  0.000E+00  0.000E+00  0.000E+00  0.000E+00  0.000E+00  0.000E+00  0.000E+00  0.000E+00  0.000E+00  0.000E+00  0.000E+00  0.000E+00  0.000E+00  0.000E+00  0.000E+00  0.000E+00  0.000E+00  0.000E+00  0.000E+00  0.000E+00  0.000E+00  0.000E+00  0.000E+00  0.000E+00  0.000E+00  0.000E+00  0.000E+00  0.000E+00  0.000E+00  0.000E+00  0.000E+00  0.000E+00  0.000E+00  0.000E+00  0.000E+00  0.000E+00  0.000E+00  0.000E+00  0.000E+00  0.000E+00  0.000E+00  0.000E+00  0.000E+00  0.000E+00  0.000E+00  0.000E+00  0.000E+00  0.000E+00  0.000E+00  0.000E+00  0.000E+00  0.000E+00  0.000E+00  0.000E+00  0.000E+00  0.000E+00  0.000E+00  0.000E+00  0.000E+00  0.000E+00  0.000E+00  0.000E+00  0.000E+00  0.000E+00  0.000E+00  0.000E+00  0.000E+00  0.000E+00  0.000E+00  0.000E+00  0.000E+00  0.000E+00  0.000E+00  0.000E+00  0.000E+00  0.000E+00  0.000E+00  0.000E+00
  195.1500  0.000E+00  0.000E+00  0.000E+00  0.000E+00  0.000E+00  0.000E+00  0.000E+00  0.000E+00  0.000E+00  0.000E+00  0.000E+00  0.000E+00  0.000E+00  0.000E+00  0.000E+00  0.000E+00  0.000E+00  0.000E+00  0.000E+00  0.000E+00  0.000E+00  0.000E+00  0.000E+00  0.000E+00  0.000E+00  0.000E+00  0.000E+00  0.000E+00  0.000E+00  0.000E+00  0.000E+00  0.000E+00  0.000E+00  0.000E+00  0.000E+00  0.000E+00  0.000E+00  0.000E+00  0.000E+00  0.000E+00  0.000E+00  0.000E+00  0.000E+00  0.000E+00  0.000E+00  0.000E+00  0.000E+00  0.000E+00  0.000E+00  0.000E+00  0.000E+00  0.000E+00  0.000E+00  0.000E+00  0.000E+00  0.000E+00  0.000E+00  0.000E+00  0.000E+00  0.000E+00  0.000E+00  0.000E+00  0.000E+00  0.000E+00  0.000E+00  0.000E+00  0.000E+00  0.000E+00  0.000E+00  0.000E+00  0.000E+00  0.000E+00  0.000E+00  0.000E+00  0.000E+00  0.000E+00  0.000E+00  0.000E+00  0.000E+00  0.000E+00  0.000E+00  0.000E+00  0.000E+00  0.000E+00  0.000E+00  0.000E+00  0.000E+00  0.000E+00  0.000E+00  0.000E+00  0.000E+00  0.000E+00  0.000E+00
  197.0500  0.000E+00  0.000E+00  0.000E+00  0.000E+00  0.000E+00  0.000E+00  0.000E+00  0.000E+00  0.000E+00  0.000E+00  0.000E+00  0.000E+00  0.000E+00  0.000E+00  0.000E+00  0.000E+00  0.000E+00  0.000E+00  0.000E+00  0.000E+00  0.000E+00  0.000E+00  0.000E+00  0.000E+00  0.000E+00  0.000E+00  0.000E+00  0.000E+00  0.000E+00  0.000E+00  0.000E+00  0.000E+00  0.000E+00  0.000E+00  0.000E+00  0.000E+00  0.000E+00  0.000E+00  0.000E+00  0.000E+00  0.000E+00  0.000E+00  0.000E+00  0.000E+00  0.000E+00  0.000E+00  0.000E+00  0.000E+00  0.000E+00  0.000E+00  0.000E+00  0.000E+00  0.000E+00  0.000E+00  0.000E+00  0.000E+00  0.000E+00  0.000E+00  0.000E+00  0.000E+00  0.000E+00  0.000E+00  0.000E+00  0.000E+00  0.000E+00  0.000E+00  0.000E+00  0.000E+00  0.000E+00  0.000E+00  0.000E+00  0.000E+00  0.000E+00  0.000E+00  0.000E+00  0.000E+00  0.000E+00  0.000E+00  0.000E+00  0.000E+00  0.000E+00  0.000E+00  0.000E+00  0.000E+00  0.000E+00  0.000E+00  0.000E+00  0.000E+00  0.000E+00  0.000E+00  0.000E+00  0.000E+00  0.000E+00
  199.0000  0.000E+00  0.000E+00  0.000E+00  0.000E+00  0.000E+00  0.000E+00  0.000E+00  0.000E+00  0.000E+00  0.000E+00  0.000E+00  0.000E+00  0.000E+00  0.000E+00  0.000E+00  0.000E+00  0.000E+00  0.000E+00  0.000E+00  0.000E+00  0.000E+00  0.000E+00  0.000E+00  0.000E+00  0.000E+00  0.000E+00  0.000E+00  0.000E+00  0.000E+00  0.000E+00  0.000E+00  0.000E+00  0.000E+00  0.000E+00  0.000E+00  0.000E+00  0.000E+00  0.000E+00  0.000E+00  0.000E+00  0.000E+00  0.000E+00  0.000E+00  0.000E+00  0.000E+00  0.000E+00  0.000E+00  0.000E+00  0.000E+00  0.000E+00  0.000E+00  0.000E+00  0.000E+00  0.000E+00  0.000E+00  0.000E+00  0.000E+00  0.000E+00  0.000E+00  0.000E+00  0.000E+00  0.000E+00  0.000E+00  0.000E+00  0.000E+00  0.000E+00  0.000E+00  0.000E+00  0.000E+00  0.000E+00  0.000E+00  0.000E+00  0.000E+00  0.000E+00  0.000E+00  0.000E+00  0.000E+00  0.000E+00  0.000E+00  0.000E+00  0.000E+00  0.000E+00  0.000E+00  0.000E+00  0.000E+00  0.000E+00  0.000E+00  0.000E+00  0.000E+00  0.000E+00  0.000E+00  0.000E+00  0.000E+00
  201.0000  0.000E+00  0.000E+00  0.000E+00  0.000E+00  0.000E+00  0.000E+00  0.000E+00  0.000E+00  0.000E+00  0.000E+00  0.000E+00  0.000E+00  0.000E+00  0.000E+00  0.000E+00  0.000E+00  0.000E+00  0.000E+00  0.000E+00  0.000E+00  0.000E+00  0.000E+00  0.000E+00  0.000E+00  0.000E+00  0.000E+00  0.000E+00  0.000E+00  0.000E+00  0.000E+00  0.000E+00  0.000E+00  0.000E+00  0.000E+00  0.000E+00  0.000E+00  0.000E+00  0.000E+00  0.000E+00  0.000E+00  0.000E+00  0.000E+00  0.000E+00  0.000E+00  0.000E+00  0.000E+00  0.000E+00  0.000E+00  0.000E+00  0.000E+00  0.000E+00  0.000E+00  0.000E+00  0.000E+00  0.000E+00  0.000E+00  0.000E+00  0.000E+00  0.000E+00  0.000E+00  0.000E+00  0.000E+00  0.000E+00  0.000E+00  0.000E+00  0.000E+00  0.000E+00  0.000E+00  0.000E+00  0.000E+00  0.000E+00  0.000E+00  0.000E+00  0.000E+00  0.000E+00  0.000E+00  0.000E+00  0.000E+00  0.000E+00  0.000E+00  0.000E+00  0.000E+00  0.000E+00  0.000E+00  0.000E+00  0.000E+00  0.000E+00  0.000E+00  0.000E+00  0.000E+00  0.000E+00  0.000E+00  0.000E+00
  203.0500  0.000E+00  0.000E+00  0.000E+00  0.000E+00  0.000E+00  0.000E+00  0.000E+00  0.000E+00  0.000E+00  0.000E+00  0.000E+00  0.000E+00  0.000E+00  0.000E+00  0.000E+00  0.000E+00  0.000E+00  0.000E+00  0.000E+00  0.000E+00  0.000E+00  0.000E+00  0.000E+00  0.000E+00  0.000E+00  0.000E+00  0.000E+00  0.000E+00  0.000E+00  0.000E+00  0.000E+00  0.000E+00  0.000E+00  0.000E+00  0.000E+00  0.000E+00  0.000E+00  0.000E+00  0.000E+00  0.000E+00  0.000E+00  0.000E+00  0.000E+00  0.000E+00  0.000E+00  0.000E+00  0.000E+00  0.000E+00  0.000E+00  0.000E+00  0.000E+00  0.000E+00  0.000E+00  0.000E+00  0.000E+00  0.000E+00  0.000E+00  0.000E+00  0.000E+00  0.000E+00  0.000E+00  0.000E+00  0.000E+00  0.000E+00  0.000E+00  0.000E+00  0.000E+00  0.000E+00  0.000E+00  0.000E+00  0.000E+00  0.000E+00  0.000E+00  0.000E+00  0.000E+00  0.000E+00  0.000E+00  0.000E+00  0.000E+00  0.000E+00  0.000E+00  0.000E+00  0.000E+00  0.000E+00  0.000E+00  0.000E+00  0.000E+00  0.000E+00  0.000E+00  0.000E+00  0.000E+00  0.000E+00  0.000E+00
  204.9500  0.000E+00  0.000E+00  0.000E+00  0.000E+00  0.000E+00  0.000E+00  0.000E+00  0.000E+00  0.000E+00  0.000E+00  0.000E+00  0.000E+00  0.000E+00  0.000E+00  0.000E+00  0.000E+00  0.000E+00  0.000E+00  0.000E+00  0.000E+00  0.000E+00  0.000E+00  0.000E+00  0.000E+00  0.000E+00  0.000E+00  0.000E+00  0.000E+00  0.000E+00  0.000E+00  0.000E+00  0.000E+00  0.000E+00  0.000E+00  0.000E+00  0.000E+00  0.000E+00  0.000E+00  0.000E+00  0.000E+00  0.000E+00  0.000E+00  0.000E+00  0.000E+00  0.000E+00  0.000E+00  0.000E+00  0.000E+00  0.000E+00  0.000E+00  0.000E+00  0.000E+00  0.000E+00  0.000E+00  0.000E+00  0.000E+00  0.000E+00  0.000E+00  0.000E+00  0.000E+00  0.000E+00  0.000E+00  0.000E+00  0.000E+00  0.000E+00  0.000E+00  0.000E+00  0.000E+00  0.000E+00  0.000E+00  0.000E+00  0.000E+00  0.000E+00  0.000E+00  0.000E+00  0.000E+00  0.000E+00  0.000E+00  0.000E+00  0.000E+00  0.000E+00  0.000E+00  0.000E+00  0.000E+00  0.000E+00  0.000E+00  0.000E+00  0.000E+00  0.000E+00  0.000E+00  0.000E+00  0.000E+00  0.000E+00
  207.0665  0.000E+00  0.000E+00  0.000E+00  0.000E+00  0.000E+00  0.000E+00  0.000E+00  0.000E+00  0.000E+00  0.000E+00  0.000E+00  0.000E+00  0.000E+00  0.000E+00  0.000E+00  0.000E+00  0.000E+00  0.000E+00  0.000E+00  0.000E+00  0.000E+00  0.000E+00  0.000E+00  0.000E+00  0.000E+00  0.000E+00  0.000E+00  0.000E+00  0.000E+00  0.000E+00  0.000E+00  0.000E+00  0.000E+00  0.000E+00  0.000E+00  0.000E+00  0.000E+00  0.000E+00  0.000E+00  0.000E+00  0.000E+00  0.000E+00  0.000E+00  0.000E+00  0.000E+00  0.000E+00  0.000E+00  0.000E+00  0.000E+00  0.000E+00  0.000E+00  0.000E+00  0.000E+00  0.000E+00  0.000E+00  0.000E+00  0.000E+00  0.000E+00  0.000E+00  0.000E+00  0.000E+00  0.000E+00  0.000E+00  0.000E+00  0.000E+00  0.000E+00  0.000E+00  0.000E+00  0.000E+00  0.000E+00  0.000E+00  0.000E+00  0.000E+00  0.000E+00  0.000E+00  0.000E+00  0.000E+00  0.000E+00  0.000E+00  0.000E+00  0.000E+00  0.000E+00  0.000E+00  0.000E+00  0.000E+00  0.000E+00  0.000E+00  0.000E+00  0.000E+00  0.000E+00  0.000E+00  0.000E+00  0.000E+00
  209.4295  0.000E+00  0.000E+00  0.000E+00  0.000E+00  0.000E+00  0.000E+00  0.000E+00  0.000E+00  0.000E+00  0.000E+00  0.000E+00  0.000E+00  0.000E+00  0.000E+00  0.000E+00  0.000E+00  0.000E+00  0.000E+00  0.000E+00  0.000E+00  0.000E+00  0.000E+00  0.000E+00  0.000E+00  0.000E+00  0.000E+00  0.000E+00  0.000E+00  0.000E+00  0.000E+00  0.000E+00  0.000E+00  0.000E+00  0.000E+00  0.000E+00  0.000E+00  0.000E+00  0.000E+00  0.000E+00  0.000E+00  0.000E+00  0.000E+00  0.000E+00  0.000E+00  0.000E+00  0.000E+00  0.000E+00  0.000E+00  0.000E+00  0.000E+00  0.000E+00  0.000E+00  0.000E+00  0.000E+00  0.000E+00  0.000E+00  0.000E+00  0.000E+00  0.000E+00  0.000E+00  0.000E+00  0.000E+00  0.000E+00  0.000E+00  0.000E+00  0.000E+00  0.000E+00  0.000E+00  0.000E+00  0.000E+00  0.000E+00  0.000E+00  0.000E+00  0.000E+00  0.000E+00  0.000E+00  0.000E+00  0.000E+00  0.000E+00  0.000E+00  0.000E+00  0.000E+00  0.000E+00  0.000E+00  0.000E+00  0.000E+00  0.000E+00  0.000E+00  0.000E+00  0.000E+00  0.000E+00  0.000E+00  0.000E+00
  211.6460  0.000E+00  0.000E+00  0.000E+00  0.000E+00  0.000E+00  0.000E+00  0.000E+00  0.000E+00  0.000E+00  0.000E+00  0.000E+00  0.000E+00  0.000E+00  0.000E+00  0.000E+00  0.000E+00  0.000E+00  0.000E+00  0.000E+00  0.000E+00  0.000E+00  0.000E+00  0.000E+00  0.000E+00  0.000E+00  0.000E+00  0.000E+00  0.000E+00  0.000E+00  0.000E+00  0.000E+00  0.000E+00  0.000E+00  0.000E+00  0.000E+00  0.000E+00  0.000E+00  0.000E+00  0.000E+00  0.000E+00  0.000E+00  0.000E+00  0.000E+00  0.000E+00  0.000E+00  0.000E+00  0.000E+00  0.000E+00  0.000E+00  0.000E+00  0.000E+00  0.000E+00  0.000E+00  0.000E+00  0.000E+00  0.000E+00  0.000E+00  0.000E+00  0.000E+00  0.000E+00  0.000E+00  0.000E+00  0.000E+00  0.000E+00  0.000E+00  0.000E+00  0.000E+00  0.000E+00  0.000E+00  0.000E+00  0.000E+00  0.000E+00  0.000E+00  0.000E+00  0.000E+00  0.000E+00  0.000E+00  0.000E+00  0.000E+00  0.000E+00  0.000E+00  0.000E+00  0.000E+00  0.000E+00  0.000E+00  0.000E+00  0.000E+00  0.000E+00  0.000E+00  0.000E+00  0.000E+00  0.000E+00  0.000E+00
  213.9100  0.000E+00  0.000E+00  0.000E+00  0.000E+00  0.000E+00  0.000E+00  0.000E+00  0.000E+00  0.000E+00  0.000E+00  0.000E+00  0.000E+00  0.000E+00  0.000E+00  0.000E+00  0.000E+00  0.000E+00  0.000E+00  0.000E+00  0.000E+00  0.000E+00  0.000E+00  0.000E+00  0.000E+00  0.000E+00  0.000E+00  0.000E+00  0.000E+00  0.000E+00  0.000E+00  0.000E+00  0.000E+00  0.000E+00  0.000E+00  0.000E+00  0.000E+00  0.000E+00  0.000E+00  0.000E+00  0.000E+00  0.000E+00  0.000E+00  0.000E+00  0.000E+00  0.000E+00  0.000E+00  0.000E+00  0.000E+00  0.000E+00  0.000E+00  0.000E+00  0.000E+00  0.000E+00  0.000E+00  0.000E+00  0.000E+00  0.000E+00  0.000E+00  0.000E+00  0.000E+00  0.000E+00  0.000E+00  0.000E+00  0.000E+00  0.000E+00  0.000E+00  0.000E+00  0.000E+00  0.000E+00  0.000E+00  0.000E+00  0.000E+00  0.000E+00  0.000E+00  0.000E+00  0.000E+00  0.000E+00  0.000E+00  0.000E+00  0.000E+00  0.000E+00  0.000E+00  0.000E+00  0.000E+00  0.000E+00  0.000E+00  0.000E+00  0.000E+00  0.000E+00  0.000E+00  0.000E+00  0.000E+00  0.000E+00
  216.2225  0.000E+00  0.000E+00  0.000E+00  0.000E+00  0.000E+00  0.000E+00  0.000E+00  0.000E+00  0.000E+00  0.000E+00  0.000E+00  0.000E+00  0.000E+00  0.000E+00  0.000E+00  0.000E+00  0.000E+00  0.000E+00  0.000E+00  0.000E+00  0.000E+00  0.000E+00  0.000E+00  0.000E+00  0.000E+00  0.000E+00  0.000E+00  0.000E+00  0.000E+00  0.000E+00  0.000E+00  0.000E+00  0.000E+00  0.000E+00  0.000E+00  0.000E+00  0.000E+00  0.000E+00  0.000E+00  0.000E+00  0.000E+00  0.000E+00  0.000E+00  0.000E+00  0.000E+00  0.000E+00  0.000E+00  0.000E+00  0.000E+00  0.000E+00  0.000E+00  0.000E+00  0.000E+00  0.000E+00  0.000E+00  0.000E+00  0.000E+00  0.000E+00  0.000E+00  0.000E+00  0.000E+00  0.000E+00  0.000E+00  0.000E+00  0.000E+00  0.000E+00  0.000E+00  0.000E+00  0.000E+00  0.000E+00  0.000E+00  0.000E+00  0.000E+00  0.000E+00  0.000E+00  0.000E+00  0.000E+00  0.000E+00  0.000E+00  0.000E+00  0.000E+00  0.000E+00  0.000E+00  0.000E+00  0.000E+00  0.000E+00  0.000E+00  0.000E+00  0.000E+00  0.000E+00  0.000E+00  0.000E+00  0.000E+00
  218.5855  0.000E+00  0.000E+00  0.000E+00  0.000E+00  0.000E+00  0.000E+00  0.000E+00  0.000E+00  0.000E+00  0.000E+00  0.000E+00  0.000E+00  0.000E+00  0.000E+00  0.000E+00  0.000E+00  0.000E+00  0.000E+00  0.000E+00  0.000E+00  0.000E+00  0.000E+00  0.000E+00  0.000E+00  0.000E+00  0.000E+00  0.000E+00  0.000E+00  0.000E+00  0.000E+00  0.000E+00  0.000E+00  0.000E+00  0.000E+00  0.000E+00  0.000E+00  0.000E+00  0.000E+00  0.000E+00  0.000E+00  0.000E+00  0.000E+00  0.000E+00  0.000E+00  0.000E+00  0.000E+00  0.000E+00  0.000E+00  0.000E+00  0.000E+00  0.000E+00  0.000E+00  0.000E+00  0.000E+00  0.000E+00  0.000E+00  0.000E+00  0.000E+00  0.000E+00  0.000E+00  0.000E+00  0.000E+00  0.000E+00  0.000E+00  0.000E+00  0.000E+00  0.000E+00  0.000E+00  0.000E+00  0.000E+00  0.000E+00  0.000E+00  0.000E+00  0.000E+00  0.000E+00  0.000E+00  0.000E+00  0.000E+00  0.000E+00  0.000E+00  0.000E+00  0.000E+00  0.000E+00  0.000E+00  0.000E+00  0.000E+00  0.000E+00  0.000E+00  0.000E+00  0.000E+00  0.000E+00  0.000E+00  0.000E+00
  221.0010  0.000E+00  0.000E+00  0.000E+00  0.000E+00  0.000E+00  0.000E+00  0.000E+00  0.000E+00  0.000E+00  0.000E+00  0.000E+00  0.000E+00  0.000E+00  0.000E+00  0.000E+00  0.000E+00  0.000E+00  0.000E+00  0.000E+00  0.000E+00  0.000E+00  0.000E+00  0.000E+00  0.000E+00  0.000E+00  0.000E+00  0.000E+00  0.000E+00  0.000E+00  0.000E+00  0.000E+00  0.000E+00  0.000E+00  0.000E+00  0.000E+00  0.000E+00  0.000E+00  0.000E+00  0.000E+00  0.000E+00  0.000E+00  0.000E+00  0.000E+00  0.000E+00  0.000E+00  0.000E+00  0.000E+00  0.000E+00  0.000E+00  0.000E+00  0.000E+00  0.000E+00  0.000E+00  0.000E+00  0.000E+00  0.000E+00  0.000E+00  0.000E+00  0.000E+00  0.000E+00  0.000E+00  0.000E+00  0.000E+00  0.000E+00  0.000E+00  0.000E+00  0.000E+00  0.000E+00  0.000E+00  0.000E+00  0.000E+00  0.000E+00  0.000E+00  0.000E+00  0.000E+00  0.000E+00  0.000E+00  0.000E+00  0.000E+00  0.000E+00  0.000E+00  0.000E+00  0.000E+00  0.000E+00  0.000E+00  0.000E+00  0.000E+00  0.000E+00  0.000E+00  0.000E+00  0.000E+00  0.000E+00  0.000E+00
  223.4705  0.000E+00  0.000E+00  0.000E+00  0.000E+00  0.000E+00  0.000E+00  0.000E+00  0.000E+00  0.000E+00  0.000E+00  0.000E+00  0.000E+00  0.000E+00  0.000E+00  0.000E+00  0.000E+00  0.000E+00  0.000E+00  0.000E+00  0.000E+00  0.000E+00  0.000E+00  0.000E+00  0.000E+00  0.000E+00  0.000E+00  0.000E+00  0.000E+00  0.000E+00  0.000E+00  0.000E+00  0.000E+00  0.000E+00  0.000E+00  0.000E+00  0.000E+00  0.000E+00  0.000E+00  0.000E+00  0.000E+00  0.000E+00  0.000E+00  0.000E+00  0.000E+00  0.000E+00  0.000E+00  0.000E+00  0.000E+00  0.000E+00  0.000E+00  0.000E+00  0.000E+00  0.000E+00  0.000E+00  0.000E+00  0.000E+00  0.000E+00  0.000E+00  0.000E+00  0.000E+00  0.000E+00  0.000E+00  0.000E+00  0.000E+00  0.000E+00  0.000E+00  0.000E+00  0.000E+00  0.000E+00  0.000E+00  0.000E+00  0.000E+00  0.000E+00  0.000E+00  0.000E+00  0.000E+00  0.000E+00  0.000E+00  0.000E+00  0.000E+00  0.000E+00  0.000E+00  0.000E+00  0.000E+00  0.000E+00  0.000E+00  0.000E+00  0.000E+00  0.000E+00  0.000E+00  0.000E+00  0.000E+00  0.000E+00
  225.9960  0.000E+00  0.000E+00  0.000E+00  0.000E+00  0.000E+00  0.000E+00  0.000E+00  0.000E+00  0.000E+00  0.000E+00  0.000E+00  0.000E+00  0.000E+00  0.000E+00  0.000E+00  0.000E+00  0.000E+00  0.000E+00  0.000E+00  0.000E+00  0.000E+00  0.000E+00  0.000E+00  0.000E+00  0.000E+00  0.000E+00  0.000E+00  0.000E+00  0.000E+00  0.000E+00  0.000E+00  0.000E+00  0.000E+00  0.000E+00  0.000E+00  0.000E+00  0.000E+00  0.000E+00  0.000E+00  0.000E+00  0.000E+00  0.000E+00  0.000E+00  0.000E+00  0.000E+00  0.000E+00  0.000E+00  0.000E+00  0.000E+00  0.000E+00  0.000E+00  0.000E+00  0.000E+00  0.000E+00  0.000E+00  0.000E+00  0.000E+00  0.000E+00  0.000E+00  0.000E+00  0.000E+00  0.000E+00  0.000E+00  0.000E+00  0.000E+00  0.000E+00  0.000E+00  0.000E+00  0.000E+00  0.000E+00  0.000E+00  0.000E+00  0.000E+00  0.000E+00  0.000E+00  0.000E+00  0.000E+00  0.000E+00  0.000E+00  0.000E+00  0.000E+00  0.000E+00  0.000E+00  0.000E+00  0.000E+00  0.000E+00  0.000E+00  0.000E+00  0.000E+00  0.000E+00  0.000E+00  0.000E+00  0.000E+00
  228.5790  0.000E+00  0.000E+00  0.000E+00  0.000E+00  0.000E+00  0.000E+00  0.000E+00  0.000E+00  0.000E+00  0.000E+00  0.000E+00  0.000E+00  0.000E+00  0.000E+00  0.000E+00  0.000E+00  0.000E+00  0.000E+00  0.000E+00  0.000E+00  0.000E+00  0.000E+00  0.000E+00  0.000E+00  0.000E+00  0.000E+00  0.000E+00  0.000E+00  0.000E+00  0.000E+00  0.000E+00  0.000E+00  0.000E+00  0.000E+00  0.000E+00  0.000E+00  0.000E+00  0.000E+00  0.000E+00  0.000E+00  0.000E+00  0.000E+00  0.000E+00  0.000E+00  0.000E+00  0.000E+00  0.000E+00  0.000E+00  0.000E+00  0.000E+00  0.000E+00  0.000E+00  0.000E+00  0.000E+00  0.000E+00  0.000E+00  0.000E+00  0.000E+00  0.000E+00  0.000E+00  0.000E+00  0.000E+00  0.000E+00  0.000E+00  0.000E+00  0.000E+00  0.000E+00  0.000E+00  0.000E+00  0.000E+00  0.000E+00  0.000E+00  0.000E+00  0.000E+00  0.000E+00  0.000E+00  0.000E+00  0.000E+00  0.000E+00  0.000E+00  0.000E+00  0.000E+00  0.000E+00  0.000E+00  0.000E+00  0.000E+00  0.000E+00  0.000E+00  0.000E+00  0.000E+00  0.000E+00  0.000E+00  0.000E+00
  231.2215  0.000E+00  0.000E+00  0.000E+00  0.000E+00  0.000E+00  0.000E+00  0.000E+00  0.000E+00  0.000E+00  0.000E+00  0.000E+00  0.000E+00  0.000E+00  0.000E+00  0.000E+00  0.000E+00  0.000E+00  0.000E+00  0.000E+00  0.000E+00  0.000E+00  0.000E+00  0.000E+00  0.000E+00  0.000E+00  0.000E+00  0.000E+00  0.000E+00  0.000E+00  0.000E+00  0.000E+00  0.000E+00  0.000E+00  0.000E+00  0.000E+00  0.000E+00  0.000E+00  0.000E+00  0.000E+00  0.000E+00  0.000E+00  0.000E+00  0.000E+00  0.000E+00  0.000E+00  0.000E+00  0.000E+00  0.000E+00  0.000E+00  0.000E+00  0.000E+00  0.000E+00  0.000E+00  0.000E+00  0.000E+00  0.000E+00  0.000E+00  0.000E+00  0.000E+00  0.000E+00  0.000E+00  0.000E+00  0.000E+00  0.000E+00  0.000E+00  0.000E+00  0.000E+00  0.000E+00  0.000E+00  0.000E+00  0.000E+00  0.000E+00  0.000E+00  0.000E+00  0.000E+00  0.000E+00  0.000E+00  0.000E+00  0.000E+00  0.000E+00  0.000E+00  0.000E+00  0.000E+00  0.000E+00  0.000E+00  0.000E+00  0.000E+00  0.000E+00  0.000E+00  0.000E+00  0.000E+00  0.000E+00  0.000E+00
  233.9260  0.000E+00  0.000E+00  0.000E+00  0.000E+00  0.000E+00  0.000E+00  0.000E+00  0.000E+00  0.000E+00  0.000E+00  0.000E+00  0.000E+00  0.000E+00  0.000E+00  0.000E+00  0.000E+00  0.000E+00  0.000E+00  0.000E+00  0.000E+00  0.000E+00  0.000E+00  0.000E+00  0.000E+00  0.000E+00  0.000E+00  0.000E+00  0.000E+00  0.000E+00  0.000E+00  0.000E+00  0.000E+00  0.000E+00  0.000E+00  0.000E+00  0.000E+00  0.000E+00  0.000E+00  0.000E+00  0.000E+00  0.000E+00  0.000E+00  0.000E+00  0.000E+00  0.000E+00  0.000E+00  0.000E+00  0.000E+00  0.000E+00  0.000E+00  0.000E+00  0.000E+00  0.000E+00  0.000E+00  0.000E+00  0.000E+00  0.000E+00  0.000E+00  0.000E+00  0.000E+00  0.000E+00  0.000E+00  0.000E+00  0.000E+00  0.000E+00  0.000E+00  0.000E+00  0.000E+00  0.000E+00  0.000E+00  0.000E+00  0.000E+00  0.000E+00  0.000E+00  0.000E+00  0.000E+00  0.000E+00  0.000E+00  0.000E+00  0.000E+00  0.000E+00  0.000E+00  0.000E+00  0.000E+00  0.000E+00  0.000E+00  0.000E+00  0.000E+00  0.000E+00  0.000E+00  0.000E+00  0.000E+00  0.000E+00
  236.6945  0.000E+00  0.000E+00  0.000E+00  0.000E+00  0.000E+00  0.000E+00  0.000E+00  0.000E+00  0.000E+00  0.000E+00  0.000E+00  0.000E+00  0.000E+00  0.000E+00  0.000E+00  0.000E+00  0.000E+00  0.000E+00  0.000E+00  0.000E+00  0.000E+00  0.000E+00  0.000E+00  0.000E+00  0.000E+00  0.000E+00  0.000E+00  0.000E+00  0.000E+00  0.000E+00  0.000E+00  0.000E+00  0.000E+00  0.000E+00  0.000E+00  0.000E+00  0.000E+00  0.000E+00  0.000E+00  0.000E+00  0.000E+00  0.000E+00  0.000E+00  0.000E+00  0.000E+00  0.000E+00  0.000E+00  0.000E+00  0.000E+00  0.000E+00  0.000E+00  0.000E+00  0.000E+00  0.000E+00  0.000E+00  0.000E+00  0.000E+00  0.000E+00  0.000E+00  0.000E+00  0.000E+00  0.000E+00  0.000E+00  0.000E+00  0.000E+00  0.000E+00  0.000E+00  0.000E+00  0.000E+00  0.000E+00  0.000E+00  0.000E+00  0.000E+00  0.000E+00  0.000E+00  0.000E+00  0.000E+00  0.000E+00  0.000E+00  0.000E+00  0.000E+00  0.000E+00  0.000E+00  0.000E+00  0.000E+00  0.000E+00  0.000E+00  0.000E+00  0.000E+00  0.000E+00  0.000E+00  0.000E+00  0.000E+00
  239.5295  0.000E+00  0.000E+00  0.000E+00  0.000E+00  0.000E+00  0.000E+00  0.000E+00  0.000E+00  0.000E+00  0.000E+00  0.000E+00  0.000E+00  0.000E+00  0.000E+00  0.000E+00  0.000E+00  0.000E+00  0.000E+00  0.000E+00  0.000E+00  0.000E+00  0.000E+00  0.000E+00  0.000E+00  0.000E+00  0.000E+00  0.000E+00  0.000E+00  0.000E+00  0.000E+00  0.000E+00  0.000E+00  0.000E+00  0.000E+00  0.000E+00  0.000E+00  0.000E+00  0.000E+00  0.000E+00  0.000E+00  0.000E+00  0.000E+00  0.000E+00  0.000E+00  0.000E+00  0.000E+00  0.000E+00  0.000E+00  0.000E+00  0.000E+00  0.000E+00  0.000E+00  0.000E+00  0.000E+00  0.000E+00  0.000E+00  0.000E+00  0.000E+00  0.000E+00  0.000E+00  0.000E+00  0.000E+00  0.000E+00  0.000E+00  0.000E+00  0.000E+00  0.000E+00  0.000E+00  0.000E+00  0.000E+00  0.000E+00  0.000E+00  0.000E+00  0.000E+00  0.000E+00  0.000E+00  0.000E+00  0.000E+00  0.000E+00  0.000E+00  0.000E+00  0.000E+00  0.000E+00  0.000E+00  0.000E+00  0.000E+00  0.000E+00  0.000E+00  0.000E+00  0.000E+00  0.000E+00  0.000E+00  0.000E+00
  242.4330  0.000E+00  0.000E+00  0.000E+00  0.000E+00  0.000E+00  0.000E+00  0.000E+00  0.000E+00  0.000E+00  0.000E+00  0.000E+00  0.000E+00  0.000E+00  0.000E+00  0.000E+00  0.000E+00  0.000E+00  0.000E+00  0.000E+00  0.000E+00  0.000E+00  0.000E+00  0.000E+00  0.000E+00  0.000E+00  0.000E+00  0.000E+00  0.000E+00  0.000E+00  0.000E+00  0.000E+00  0.000E+00  0.000E+00  0.000E+00  0.000E+00  0.000E+00  0.000E+00  0.000E+00  0.000E+00  0.000E+00  0.000E+00  0.000E+00  0.000E+00  0.000E+00  0.000E+00  0.000E+00  0.000E+00  0.000E+00  0.000E+00  0.000E+00  0.000E+00  0.000E+00  0.000E+00  0.000E+00  0.000E+00  0.000E+00  0.000E+00  0.000E+00  0.000E+00  0.000E+00  0.000E+00  0.000E+00  0.000E+00  0.000E+00  0.000E+00  0.000E+00  0.000E+00  0.000E+00  0.000E+00  0.000E+00  0.000E+00  0.000E+00  0.000E+00  0.000E+00  0.000E+00  0.000E+00  0.000E+00  0.000E+00  0.000E+00  0.000E+00  0.000E+00  0.000E+00  0.000E+00  0.000E+00  0.000E+00  0.000E+00  0.000E+00  0.000E+00  0.000E+00  0.000E+00  0.000E+00  0.000E+00  0.000E+00
  245.4080  0.000E+00  0.000E+00  0.000E+00  0.000E+00  0.000E+00  0.000E+00  0.000E+00  0.000E+00  0.000E+00  0.000E+00  0.000E+00  0.000E+00  0.000E+00  0.000E+00  0.000E+00  0.000E+00  0.000E+00  0.000E+00  0.000E+00  0.000E+00  0.000E+00  0.000E+00  0.000E+00  0.000E+00  0.000E+00  0.000E+00  0.000E+00  0.000E+00  0.000E+00  0.000E+00  0.000E+00  0.000E+00  0.000E+00  0.000E+00  0.000E+00  0.000E+00  0.000E+00  0.000E+00  0.000E+00  0.000E+00  0.000E+00  0.000E+00  0.000E+00  0.000E+00  0.000E+00  0.000E+00  0.000E+00  0.000E+00  0.000E+00  0.000E+00  0.000E+00  0.000E+00  0.000E+00  0.000E+00  0.000E+00  0.000E+00  0.000E+00  0.000E+00  0.000E+00  0.000E+00  0.000E+00  0.000E+00  0.000E+00  0.000E+00  0.000E+00  0.000E+00  0.000E+00  0.000E+00  0.000E+00  0.000E+00  0.000E+00  0.000E+00  0.000E+00  0.000E+00  0.000E+00  0.000E+00  0.000E+00  0.000E+00  0.000E+00  0.000E+00  0.000E+00  0.000E+00  0.000E+00  0.000E+00  0.000E+00  0.000E+00  0.000E+00  0.000E+00  0.000E+00  0.000E+00  0.000E+00  0.000E+00  0.000E+00
  248.4570  0.000E+00  0.000E+00  0.000E+00  0.000E+00  0.000E+00  0.000E+00  0.000E+00  0.000E+00  0.000E+00  0.000E+00  0.000E+00  0.000E+00  0.000E+00  0.000E+00  0.000E+00  0.000E+00  0.000E+00  0.000E+00  0.000E+00  0.000E+00  0.000E+00  0.000E+00  0.000E+00  0.000E+00  0.000E+00  0.000E+00  0.000E+00  0.000E+00  0.000E+00  0.000E+00  0.000E+00  0.000E+00  0.000E+00  0.000E+00  0.000E+00  0.000E+00  0.000E+00  0.000E+00  0.000E+00  0.000E+00  0.000E+00  0.000E+00  0.000E+00  0.000E+00  0.000E+00  0.000E+00  0.000E+00  0.000E+00  0.000E+00  0.000E+00  0.000E+00  0.000E+00  0.000E+00  0.000E+00  0.000E+00  0.000E+00  0.000E+00  0.000E+00  0.000E+00  0.000E+00  0.000E+00  0.000E+00  0.000E+00  0.000E+00  0.000E+00  0.000E+00  0.000E+00  0.000E+00  0.000E+00  0.000E+00  0.000E+00  0.000E+00  0.000E+00  0.000E+00  0.000E+00  0.000E+00  0.000E+00  0.000E+00  0.000E+00  0.000E+00  0.000E+00  0.000E+00  0.000E+00  0.000E+00  0.000E+00  0.000E+00  0.000E+00  0.000E+00  0.000E+00  0.000E+00  0.000E+00  0.000E+00  0.000E+00
  251.5825  0.000E+00  0.000E+00  0.000E+00  0.000E+00  0.000E+00  0.000E+00  0.000E+00  0.000E+00  0.000E+00  0.000E+00  0.000E+00  0.000E+00  0.000E+00  0.000E+00  0.000E+00  0.000E+00  0.000E+00  0.000E+00  0.000E+00  0.000E+00  0.000E+00  0.000E+00  0.000E+00  0.000E+00  0.000E+00  0.000E+00  0.000E+00  0.000E+00  0.000E+00  0.000E+00  0.000E+00  0.000E+00  0.000E+00  0.000E+00  0.000E+00  0.000E+00  0.000E+00  0.000E+00  0.000E+00  0.000E+00  0.000E+00  0.000E+00  0.000E+00  0.000E+00  0.000E+00  0.000E+00  0.000E+00  0.000E+00  0.000E+00  0.000E+00  0.000E+00  0.000E+00  0.000E+00  0.000E+00  0.000E+00  0.000E+00  0.000E+00  0.000E+00  0.000E+00  0.000E+00  0.000E+00  0.000E+00  0.000E+00  0.000E+00  0.000E+00  0.000E+00  0.000E+00  0.000E+00  0.000E+00  0.000E+00  0.000E+00  0.000E+00  0.000E+00  0.000E+00  0.000E+00  0.000E+00  0.000E+00  0.000E+00  0.000E+00  0.000E+00  0.000E+00  0.000E+00  0.000E+00  0.000E+00  0.000E+00  0.000E+00  0.000E+00  0.000E+00  0.000E+00  0.000E+00  0.000E+00  0.000E+00  0.000E+00
  254.7875  0.000E+00  0.000E+00  0.000E+00  0.000E+00  0.000E+00  0.000E+00  0.000E+00  0.000E+00  0.000E+00  0.000E+00  0.000E+00  0.000E+00  0.000E+00  0.000E+00  0.000E+00  0.000E+00  0.000E+00  0.000E+00  0.000E+00  0.000E+00  0.000E+00  0.000E+00  0.000E+00  0.000E+00  0.000E+00  0.000E+00  0.000E+00  0.000E+00  0.000E+00  0.000E+00  0.000E+00  0.000E+00  0.000E+00  0.000E+00  0.000E+00  0.000E+00  0.000E+00  0.000E+00  0.000E+00  0.000E+00  0.000E+00  0.000E+00  0.000E+00  0.000E+00  0.000E+00  0.000E+00  0.000E+00  0.000E+00  0.000E+00  0.000E+00  0.000E+00  0.000E+00  0.000E+00  0.000E+00  0.000E+00  0.000E+00  0.000E+00  0.000E+00  0.000E+00  0.000E+00  0.000E+00  0.000E+00  0.000E+00  0.000E+00  0.000E+00  0.000E+00  0.000E+00  0.000E+00  0.000E+00  0.000E+00  0.000E+00  0.000E+00  0.000E+00  0.000E+00  0.000E+00  0.000E+00  0.000E+00  0.000E+00  0.000E+00  0.000E+00  0.000E+00  0.000E+00  0.000E+00  0.000E+00  0.000E+00  0.000E+00  0.000E+00  0.000E+00  0.000E+00  0.000E+00  0.000E+00  0.000E+00  0.000E+00
  258.0750  0.000E+00  0.000E+00  0.000E+00  0.000E+00  0.000E+00  0.000E+00  0.000E+00  0.000E+00  0.000E+00  0.000E+00  0.000E+00  0.000E+00  0.000E+00  0.000E+00  0.000E+00  0.000E+00  0.000E+00  0.000E+00  0.000E+00  0.000E+00  0.000E+00  0.000E+00  0.000E+00  0.000E+00  0.000E+00  0.000E+00  0.000E+00  0.000E+00  0.000E+00  0.000E+00  0.000E+00  0.000E+00  0.000E+00  0.000E+00  0.000E+00  0.000E+00  0.000E+00  0.000E+00  0.000E+00  0.000E+00  0.000E+00  0.000E+00  0.000E+00  0.000E+00  0.000E+00  0.000E+00  0.000E+00  0.000E+00  0.000E+00  0.000E+00  0.000E+00  0.000E+00  0.000E+00  0.000E+00  0.000E+00  0.000E+00  0.000E+00  0.000E+00  0.000E+00  0.000E+00  0.000E+00  0.000E+00  0.000E+00  0.000E+00  0.000E+00  0.000E+00  0.000E+00  0.000E+00  0.000E+00  0.000E+00  0.000E+00  0.000E+00  0.000E+00  0.000E+00  0.000E+00  0.000E+00  0.000E+00  0.000E+00  0.000E+00  0.000E+00  0.000E+00  0.000E+00  0.000E+00  0.000E+00  0.000E+00  0.000E+00  0.000E+00  0.000E+00  0.000E+00  0.000E+00  0.000E+00  0.000E+00  0.000E+00
  261.4490  0.000E+00  0.000E+00  0.000E+00  0.000E+00  0.000E+00  0.000E+00  0.000E+00  0.000E+00  0.000E+00  0.000E+00  0.000E+00  0.000E+00  0.000E+00  0.000E+00  0.000E+00  0.000E+00  0.000E+00  0.000E+00  0.000E+00  0.000E+00  0.000E+00  0.000E+00  0.000E+00  0.000E+00  0.000E+00  0.000E+00  0.000E+00  0.000E+00  0.000E+00  0.000E+00  0.000E+00  0.000E+00  0.000E+00  0.000E+00  0.000E+00  0.000E+00  0.000E+00  0.000E+00  0.000E+00  0.000E+00  0.000E+00  0.000E+00  0.000E+00  0.000E+00  0.000E+00  0.000E+00  0.000E+00  0.000E+00  0.000E+00  0.000E+00  0.000E+00  0.000E+00  0.000E+00  0.000E+00  0.000E+00  0.000E+00  0.000E+00  0.000E+00  0.000E+00  0.000E+00  0.000E+00  0.000E+00  0.000E+00  0.000E+00  0.000E+00  0.000E+00  0.000E+00  0.000E+00  0.000E+00  0.000E+00  0.000E+00  0.000E+00  0.000E+00  0.000E+00  0.000E+00  0.000E+00  0.000E+00  0.000E+00  0.000E+00  0.000E+00  0.000E+00  0.000E+00  0.000E+00  0.000E+00  0.000E+00  0.000E+00  0.000E+00  0.000E+00  0.000E+00  0.000E+00  0.000E+00  0.000E+00  0.000E+00
  264.9125  0.000E+00  0.000E+00  0.000E+00  0.000E+00  0.000E+00  0.000E+00  0.000E+00  0.000E+00  0.000E+00  0.000E+00  0.000E+00  0.000E+00  0.000E+00  0.000E+00  0.000E+00  0.000E+00  0.000E+00  0.000E+00  0.000E+00  0.000E+00  0.000E+00  0.000E+00  0.000E+00  0.000E+00  0.000E+00  0.000E+00  0.000E+00  0.000E+00  0.000E+00  0.000E+00  0.000E+00  0.000E+00  0.000E+00  0.000E+00  0.000E+00  0.000E+00  0.000E+00  0.000E+00  0.000E+00  0.000E+00  0.000E+00  0.000E+00  0.000E+00  0.000E+00  0.000E+00  0.000E+00  0.000E+00  0.000E+00  0.000E+00  0.000E+00  0.000E+00  0.000E+00  0.000E+00  0.000E+00  0.000E+00  0.000E+00  0.000E+00  0.000E+00  0.000E+00  0.000E+00  0.000E+00  0.000E+00  0.000E+00  0.000E+00  0.000E+00  0.000E+00  0.000E+00  0.000E+00  0.000E+00  0.000E+00  0.000E+00  0.000E+00  0.000E+00  0.000E+00  0.000E+00  0.000E+00  0.000E+00  0.000E+00  0.000E+00  0.000E+00  0.000E+00  0.000E+00  0.000E+00  0.000E+00  0.000E+00  0.000E+00  0.000E+00  0.000E+00  0.000E+00  0.000E+00  0.000E+00  0.000E+00  0.000E+00
  268.4685  0.000E+00  0.000E+00  0.000E+00  0.000E+00  0.000E+00  0.000E+00  0.000E+00  0.000E+00  0.000E+00  0.000E+00  0.000E+00  0.000E+00  0.000E+00  0.000E+00  0.000E+00  0.000E+00  0.000E+00  0.000E+00  0.000E+00  0.000E+00  0.000E+00  0.000E+00  0.000E+00  0.000E+00  0.000E+00  0.000E+00  0.000E+00  0.000E+00  0.000E+00  0.000E+00  0.000E+00  0.000E+00  0.000E+00  0.000E+00  0.000E+00  0.000E+00  0.000E+00  0.000E+00  0.000E+00  0.000E+00  0.000E+00  0.000E+00  0.000E+00  0.000E+00  0.000E+00  0.000E+00  0.000E+00  0.000E+00  0.000E+00  0.000E+00  0.000E+00  0.000E+00  0.000E+00  0.000E+00  0.000E+00  0.000E+00  0.000E+00  0.000E+00  0.000E+00  0.000E+00  0.000E+00  0.000E+00  0.000E+00  0.000E+00  0.000E+00  0.000E+00  0.000E+00  0.000E+00  0.000E+00  0.000E+00  0.000E+00  0.000E+00  0.000E+00  0.000E+00  0.000E+00  0.000E+00  0.000E+00  0.000E+00  0.000E+00  0.000E+00  0.000E+00  0.000E+00  0.000E+00  0.000E+00  0.000E+00  0.000E+00  0.000E+00  0.000E+00  0.000E+00  0.000E+00  0.000E+00  0.000E+00  0.000E+00
  272.1215  0.000E+00  0.000E+00  0.000E+00  0.000E+00  0.000E+00  0.000E+00  0.000E+00  0.000E+00  0.000E+00  0.000E+00  0.000E+00  0.000E+00  0.000E+00  0.000E+00  0.000E+00  0.000E+00  0.000E+00  0.000E+00  0.000E+00  0.000E+00  0.000E+00  0.000E+00  0.000E+00  0.000E+00  0.000E+00  0.000E+00  0.000E+00  0.000E+00  0.000E+00  0.000E+00  0.000E+00  0.000E+00  0.000E+00  0.000E+00  0.000E+00  0.000E+00  0.000E+00  0.000E+00  0.000E+00  0.000E+00  0.000E+00  0.000E+00  0.000E+00  0.000E+00  0.000E+00  0.000E+00  0.000E+00  0.000E+00  0.000E+00  0.000E+00  0.000E+00  0.000E+00  0.000E+00  0.000E+00  0.000E+00  0.000E+00  0.000E+00  0.000E+00  0.000E+00  0.000E+00  0.000E+00  0.000E+00  0.000E+00  0.000E+00  0.000E+00  0.000E+00  0.000E+00  0.000E+00  0.000E+00  0.000E+00  0.000E+00  0.000E+00  0.000E+00  0.000E+00  0.000E+00  0.000E+00  0.000E+00  0.000E+00  0.000E+00  0.000E+00  0.000E+00  0.000E+00  0.000E+00  0.000E+00  0.000E+00  0.000E+00  0.000E+00  0.000E+00  0.000E+00  0.000E+00  0.000E+00  0.000E+00  0.000E+00
  275.8755  0.000E+00  0.000E+00  0.000E+00  0.000E+00  0.000E+00  0.000E+00  0.000E+00  0.000E+00  0.000E+00  0.000E+00  0.000E+00  0.000E+00  0.000E+00  0.000E+00  0.000E+00  0.000E+00  0.000E+00  0.000E+00  0.000E+00  0.000E+00  0.000E+00  0.000E+00  0.000E+00  0.000E+00  0.000E+00  0.000E+00  0.000E+00  0.000E+00  0.000E+00  0.000E+00  0.000E+00  0.000E+00  0.000E+00  0.000E+00  0.000E+00  0.000E+00  0.000E+00  0.000E+00  0.000E+00  0.000E+00  0.000E+00  0.000E+00  0.000E+00  0.000E+00  0.000E+00  0.000E+00  0.000E+00  0.000E+00  0.000E+00  0.000E+00  0.000E+00  0.000E+00  0.000E+00  0.000E+00  0.000E+00  0.000E+00  0.000E+00  0.000E+00  0.000E+00  0.000E+00  0.000E+00  0.000E+00  0.000E+00  0.000E+00  0.000E+00  0.000E+00  0.000E+00  0.000E+00  0.000E+00  0.000E+00  0.000E+00  0.000E+00  0.000E+00  0.000E+00  0.000E+00  0.000E+00  0.000E+00  0.000E+00  0.000E+00  0.000E+00  0.000E+00  0.000E+00  0.000E+00  0.000E+00  0.000E+00  0.000E+00  0.000E+00  0.000E+00  0.000E+00  0.000E+00  0.000E+00  0.000E+00  0.000E+00
  279.7340  0.000E+00  0.000E+00  0.000E+00  0.000E+00  0.000E+00  0.000E+00  0.000E+00  0.000E+00  0.000E+00  0.000E+00  0.000E+00  0.000E+00  0.000E+00  0.000E+00  0.000E+00  0.000E+00  0.000E+00  0.000E+00  0.000E+00  0.000E+00  0.000E+00  0.000E+00  0.000E+00  0.000E+00  0.000E+00  0.000E+00  0.000E+00  0.000E+00  0.000E+00  0.000E+00  0.000E+00  0.000E+00  0.000E+00  0.000E+00  0.000E+00  0.000E+00  0.000E+00  0.000E+00  0.000E+00  0.000E+00  0.000E+00  0.000E+00  0.000E+00  0.000E+00  0.000E+00  0.000E+00  0.000E+00  0.000E+00  0.000E+00  0.000E+00  0.000E+00  0.000E+00  0.000E+00  0.000E+00  0.000E+00  0.000E+00  0.000E+00  0.000E+00  0.000E+00  0.000E+00  0.000E+00  0.000E+00  0.000E+00  0.000E+00  0.000E+00  0.000E+00  0.000E+00  0.000E+00  0.000E+00  0.000E+00  0.000E+00  0.000E+00  0.000E+00  0.000E+00  0.000E+00  0.000E+00  0.000E+00  0.000E+00  0.000E+00  0.000E+00  0.000E+00  0.000E+00  0.000E+00  0.000E+00  0.000E+00  0.000E+00  0.000E+00  0.000E+00  0.000E+00  0.000E+00  0.000E+00  0.000E+00  0.000E+00
  283.7020  0.000E+00  0.000E+00  0.000E+00  0.000E+00  0.000E+00  0.000E+00  0.000E+00  0.000E+00  0.000E+00  0.000E+00  0.000E+00  0.000E+00  0.000E+00  0.000E+00  0.000E+00  0.000E+00  0.000E+00  0.000E+00  0.000E+00  0.000E+00  0.000E+00  0.000E+00  0.000E+00  0.000E+00  0.000E+00  0.000E+00  0.000E+00  0.000E+00  0.000E+00  0.000E+00  0.000E+00  0.000E+00  0.000E+00  0.000E+00  0.000E+00  0.000E+00  0.000E+00  0.000E+00  0.000E+00  0.000E+00  0.000E+00  0.000E+00  0.000E+00  0.000E+00  0.000E+00  0.000E+00  0.000E+00  0.000E+00  0.000E+00  0.000E+00  0.000E+00  0.000E+00  0.000E+00  0.000E+00  0.000E+00  0.000E+00  0.000E+00  0.000E+00  0.000E+00  0.000E+00  0.000E+00  0.000E+00  0.000E+00  0.000E+00  0.000E+00  0.000E+00  0.000E+00  0.000E+00  0.000E+00  0.000E+00  0.000E+00  0.000E+00  0.000E+00  0.000E+00  0.000E+00  0.000E+00  0.000E+00  0.000E+00  0.000E+00  0.000E+00  0.000E+00  0.000E+00  0.000E+00  0.000E+00  0.000E+00  0.000E+00  0.000E+00  0.000E+00  0.000E+00  0.000E+00  0.000E+00  0.000E+00  0.000E+00
  287.7845  0.000E+00  0.000E+00  0.000E+00  0.000E+00  0.000E+00  0.000E+00  0.000E+00  0.000E+00  0.000E+00  0.000E+00  0.000E+00  0.000E+00  0.000E+00  0.000E+00  0.000E+00  0.000E+00  0.000E+00  0.000E+00  0.000E+00  0.000E+00  0.000E+00  0.000E+00  0.000E+00  0.000E+00  0.000E+00  0.000E+00  0.000E+00  0.000E+00  0.000E+00  0.000E+00  0.000E+00  0.000E+00  0.000E+00  0.000E+00  0.000E+00  0.000E+00  0.000E+00  0.000E+00  0.000E+00  0.000E+00  0.000E+00  0.000E+00  0.000E+00  0.000E+00  0.000E+00  0.000E+00  0.000E+00  0.000E+00  0.000E+00  0.000E+00  0.000E+00  0.000E+00  0.000E+00  0.000E+00  0.000E+00  0.000E+00  0.000E+00  0.000E+00  0.000E+00  0.000E+00  0.000E+00  0.000E+00  0.000E+00  0.000E+00  0.000E+00  0.000E+00  0.000E+00  0.000E+00  0.000E+00  0.000E+00  0.000E+00  0.000E+00  0.000E+00  0.000E+00  0.000E+00  0.000E+00  0.000E+00  0.000E+00  0.000E+00  0.000E+00  0.000E+00  0.000E+00  0.000E+00  0.000E+00  0.000E+00  0.000E+00  0.000E+00  0.000E+00  0.000E+00  0.000E+00  0.000E+00  0.000E+00  0.000E+00
  291.9865  0.000E+00  0.000E+00  0.000E+00  0.000E+00  0.000E+00  0.000E+00  0.000E+00  0.000E+00  0.000E+00  0.000E+00  0.000E+00  0.000E+00  0.000E+00  0.000E+00  0.000E+00  0.000E+00  0.000E+00  0.000E+00  0.000E+00  0.000E+00  0.000E+00  0.000E+00  0.000E+00  0.000E+00  2.680E+02  1.039E+04  9.919E+04  2.529E+05  4.071E+05  5.659E+05  7.413E+05  9.458E+05  1.201E+06  1.519E+06  1.947E+06  2.569E+06  3.640E+06  5.959E+06  1.167E+07  2.551E+07  5.615E+07  1.170E+08  2.256E+08  3.998E+08  6.642E+08  1.023E+09  1.495E+09  2.059E+09  2.701E+09  3.388E+09  4.079E+09  4.726E+09  5.283E+09  5.706E+09  5.962E+09  6.030E+09  5.904E+09  5.596E+09  5.129E+09  4.540E+09  3.875E+09  3.180E+09  2.503E+09  1.881E+09  1.344E+09  9.051E+08  5.701E+08  3.392E+08  1.868E+08  9.454E+07  4.446E+07  2.005E+07  9.370E+06  5.036E+06  3.238E+06  2.351E+06  1.802E+06  1.412E+06  1.115E+06  8.787E+05  6.849E+05  5.158E+05  3.594E+05  2.053E+05  6.058E+04  3.143E+03  8.590E+01  0.000E+00  0.000E+00  0.000E+00  0.000E+00  0.000E+00  0.000E+00
  296.3090  0.000E+00  0.000E+00  0.000E+00  0.000E+00  0.000E+00  0.000E+00  0.000E+00  0.000E+00  0.000E+00  0.000E+00  0.000E+00  0.000E+00  0.000E+00  0.000E+00  0.000E+00  0.000E+00  0.000E+00  0.000E+00  0.000E+00  0.000E+00  0.000E+00  0.000E+00  0.000E+00  3.143E-26  4.183E+04  1.702E+06  1.539E+07  3.925E+07  6.488E+07  9.330E+07  1.270E+08  1.692E+08  2.249E+08  3.055E+08  4.446E+08  7.347E+08  1.379E+09  2.738E+09  5.332E+09  9.799E+09  1.680E+10  2.693E+10  4.059E+10  5.768E+10  7.820E+10  1.026E+11  1.290E+11  1.567E+11  1.847E+11  2.119E+11  2.371E+11  2.593E+11  2.774E+11  2.906E+11  2.985E+11  3.005E+11  2.967E+11  2.872E+11  2.725E+11  2.531E+11  2.299E+11  2.039E+11  1.764E+11  1.483E+11  1.209E+11  9.513E+10  7.167E+10  5.214E+10  3.610E+10  2.353E+10  1.439E+10  8.215E+09  4.382E+09  2.224E+09  1.129E+09  6.213E+08  3.922E+08  2.770E+08  2.059E+08  1.553E+08  1.159E+08  8.410E+07  5.675E+07  3.170E+07  9.508E+06  5.259E+05  1.595E+04  0.000E+00  0.000E+00  0.000E+00  0.000E+00  0.000E+00  0.000E+00
  300.5000  0.000E+00  0.000E+00  0.000E+00  0.000E+00  0.000E+00  0.000E+00  0.000E+00  0.000E+00  0.000E+00  0.000E+00  0.000E+00  0.000E+00  0.000E+00  0.000E+00  0.000E+00  0.000E+00  0.000E+00  0.000E+00  0.000E+00  0.000E+00  0.000E+00  0.000E+00  0.000E+00  1.046E-12  7.870E+05  3.432E+07  2.964E+08  7.750E+08  1.345E+09  2.046E+09  2.960E+09  4.273E+09  6.539E+09  1.124E+10  2.125E+10  4.088E+10  7.522E+10  1.292E+11  2.069E+11  3.104E+11  4.401E+11  5.946E+11  7.708E+11  9.609E+11  1.156E+12  1.380E+12  1.593E+12  1.799E+12  1.994E+12  2.172E+12  2.331E+12  2.464E+12  2.570E+12  2.646E+12  2.691E+12  2.702E+12  2.681E+12  2.627E+12  2.542E+12  2.427E+12  2.286E+12  2.121E+12  1.937E+12  1.738E+12  1.530E+12  1.317E+12  1.102E+12  9.019E+11  7.158E+11  5.457E+11  3.984E+11  2.764E+11  1.808E+11  1.106E+11  6.296E+10  3.361E+10  1.741E+10  9.405E+09  5.677E+09  3.800E+09  2.649E+09  1.812E+09  1.158E+09  6.183E+08  1.844E+08  1.085E+07  3.352E+05  0.000E+00  0.000E+00  0.000E+00  0.000E+00  0.000E+00  0.000E+00
  303.0000  0.000E+00  0.000E+00  0.000E+00  0.000E+00  0.000E+00  0.000E+00  0.000E+00  0.000E+00  0.000E+00  0.000E+00  0.000E+00  0.000E+00  0.000E+00  0.000E+00  0.000E+00  0.000E+00  0.000E+00  0.000E+00  0.000E+00  0.000E+00  0.000E+00  0.000E+00  0.000E+00  4.236E-07  3.832E+06  1.762E+08  1.486E+09  4.008E+09  7.296E+09  1.168E+10  1.812E+10  2.971E+10  5.429E+10  1.056E+11  2.015E+11  3.596E+11  5.937E+11  9.116E+11  1.314E+12  1.796E+12  2.346E+12  2.951E+12  3.596E+12  4.252E+12  4.907E+12  5.621E+12  6.245E+12  6.850E+12  7.407E+12  7.906E+12  8.339E+12  8.700E+12  8.983E+12  9.184E+12  9.300E+12  9.330E+12  9.274E+12  9.132E+12  8.907E+12  8.600E+12  8.216E+12  7.764E+12  7.246E+12  6.674E+12  6.057E+12  5.376E+12  4.718E+12  4.052E+12  3.399E+12  2.764E+12  2.174E+12  1.643E+12  1.184E+12  8.065E+11  5.142E+11  3.041E+11  1.665E+11  8.579E+10  4.469E+10  2.521E+10  1.580E+10  1.018E+10  6.184E+09  3.158E+09  9.241E+08  5.650E+07  1.701E+06  0.000E+00  0.000E+00  0.000E+00  0.000E+00  0.000E+00  0.000E+00
  304.0000  0.000E+00  0.000E+00  0.000E+00  0.000E+00  0.000E+00  0.000E+00  0.000E+00  0.000E+00  0.000E+00  0.000E+00  0.000E+00  0.000E+00  0.000E+00  0.000E+00  0.000E+00  0.000E+00  0.000E+00  0.000E+00  0.000E+00  0.000E+00  0.000E+00  0.000E+00  0.000E+00  8.387E-06  4.890E+06  2.284E+08  1.913E+09  5.226E+09  9.673E+09  1.578E+10  2.527E+10  4.363E+10  8.336E+10  1.633E+11  3.052E+11  5.281E+11  8.445E+11  1.259E+12  1.767E+12  2.359E+12  3.021E+12  3.736E+12  4.485E+12  5.235E+12  5.979E+12  6.735E+12  7.469E+12  8.134E+12  8.744E+12  9.286E+12  9.755E+12  1.014E+13  1.045E+13  1.066E+13  1.079E+13  1.082E+13  1.076E+13  1.061E+13  1.037E+13  1.004E+13  9.623E+12  9.132E+12  8.568E+12  7.941E+12  7.260E+12  6.527E+12  5.763E+12  5.007E+12  4.257E+12  3.516E+12  2.815E+12  2.172E+12  1.604E+12  1.123E+12  7.384E+11  4.510E+11  2.542E+11  1.333E+11  6.791E+10  3.641E+10  2.177E+10  1.366E+10  8.155E+09  4.097E+09  1.189E+09  7.360E+07  2.191E+06  6.293E-30  0.000E+00  0.000E+00  0.000E+00  0.000E+00  0.000E+00
  305.0000  0.000E+00  0.000E+00  0.000E+00  0.000E+00  0.000E+00  0.000E+00  0.000E+00  0.000E+00  0.000E+00  0.000E+00  0.000E+00  0.000E+00  0.000E+00  0.000E+00  0.000E+00  0.000E+00  0.000E+00  0.000E+00  0.000E+00  0.000E+00  0.000E+00  0.000E+00  0.000E+00  4.273E-04  8.160E+06  3.895E+08  3.243E+09  9.039E+09  1.720E+10  2.903E+10  4.938E+10  9.203E+10  1.828E+11  3.540E+11  6.369E+11  1.053E+12  1.612E+12  2.310E+12  3.133E+12  4.062E+12  5.072E+12  6.135E+12  7.228E+12  8.302E+12  9.357E+12  1.046E+13  1.142E+13  1.233E+13  1.315E+13  1.388E+13  1.451E+13  1.502E+13  1.543E+13  1.571E+13  1.587E+13  1.592E+13  1.584E+13  1.564E+13  1.532E+13  1.488E+13  1.433E+13  1.367E+13  1.291E+13  1.206E+13  1.113E+13  1.010E+13  9.050E+12  7.976E+12  6.898E+12  5.811E+12  4.761E+12  3.773E+12  2.873E+12  2.085E+12  1.428E+12  9.120E+11  5.375E+11  2.913E+11  1.481E+11  7.514E+10  4.162E+10  2.483E+10  1.438E+10  7.033E+09  2.012E+09  1.265E+08  3.683E+06  3.661E-25  0.000E+00  0.000E+00  0.000E+00  0.000E+00  0.000E+00
  306.0000  0.000E+00  0.000E+00  0.000E+00  0.000E+00  0.000E+00  0.000E+00  0.000E+00  0.000E+00  0.000E+00  0.000E+00  0.000E+00  0.000E+00  0.000E+00  0.000E+00  0.000E+00  0.000E+00  0.000E+00  0.000E+00  0.000E+00  0.000E+00  0.000E+00  0.000E+00  0.000E+00  4.167E-03  8.819E+06  4.278E+08  3.544E+09  1.004E+10  1.954E+10  3.399E+10  6.085E+10  1.190E+11  2.386E+11  4.535E+11  7.912E+11  1.267E+12  1.883E+12  2.630E+12  3.489E+12  4.437E+12  5.448E+12  6.499E+12  7.562E+12  8.596E+12  9.605E+12  1.060E+13  1.154E+13  1.239E+13  1.316E+13  1.383E+13  1.441E+13  1.488E+13  1.525E+13  1.551E+13  1.566E+13  1.570E+13  1.563E+13  1.544E+13  1.515E+13  1.475E+13  1.424E+13  1.364E+13  1.294E+13  1.215E+13  1.128E+13  1.034E+13  9.311E+12  8.284E+12  7.243E+12  6.180E+12  5.139E+12  4.143E+12  3.219E+12  2.391E+12  1.682E+12  1.108E+12  6.743E+11  3.761E+11  1.937E+11  9.598E+10  5.040E+10  2.874E+10  1.621E+10  7.766E+09  2.195E+09  1.396E+08  3.996E+06  2.415E-22  0.000E+00  0.000E+00  0.000E+00  0.000E+00  0.000E+00
  307.0000  0.000E+00  0.000E+00  0.000E+00  0.000E+00  0.000E+00  0.000E+00  0.000E+00  0.000E+00  0.000E+00  0.000E+00  0.000E+00  0.000E+00  0.000E+00  0.000E+00  0.000E+00  0.000E+00  0.000E+00  0.000E+00  0.000E+00  0.000E+00  0.000E+00  0.000E+00  0.000E+00  6.055E-02  1.324E+07  6.538E+08  5.397E+09  1.564E+10  3.133E+10  5.702E+10  1.090E+11  2.222E+11  4.435E+11  8.172E+11  1.373E+12  2.120E+12  3.051E+12  4.143E+12  5.367E+12  6.687E+12  8.069E+12  9.481E+12  1.089E+13  1.224E+13  1.355E+13  1.479E+13  1.604E+13  1.711E+13  1.807E+13  1.892E+13  1.964E+13  2.023E+13  2.068E+13  2.100E+13  2.119E+13  2.124E+13  2.115E+13  2.092E+13  2.056E+13  2.006E+13  1.943E+13  1.868E+13  1.780E+13  1.680E+13  1.569E+13  1.450E+13  1.317E+13  1.184E+13  1.047E+13  9.055E+12  7.649E+12  6.281E+12  4.986E+12  3.798E+12  2.751E+12  1.873E+12  1.184E+12  6.850E+11  3.615E+11  1.778E+11  8.852E+10  4.740E+10  2.575E+10  1.199E+10  3.333E+09  2.146E+08  6.006E+06  3.304E-19  0.000E+00  0.000E+00  0.000E+00  0.000E+00  0.000E+00
  308.0000  0.000E+00  0.000E+00  0.000E+00  0.000E+00  0.000E+00  0.000E+00  0.000E+00  0.000E+00  0.000E+00  0.000E+00  0.000E+00  0.000E+00  0.000E+00  0.000E+00  0.000E+00  0.000E+00  0.000E+00  0.000E+00  0.000E+00  0.000E+00  0.000E+00  0.000E+00  0.000E+00  6.769E-01  1.813E+07  9.130E+08  7.518E+09  2.237E+10  4.645E+10  8.939E+10  1.819E+11  3.781E+11  7.390E+11  1.313E+12  2.122E+12  3.165E+12  4.418E+12  5.846E+12  7.406E+12  9.056E+12  1.075E+13  1.246E+13  1.415E+13  1.575E+13  1.728E+13  1.882E+13  2.015E+13  2.139E+13  2.248E+13  2.344E+13  2.425E+13  2.492E+13  2.543E+13  2.579E+13  2.600E+13  2.606E+13  2.596E+13  2.570E+13  2.530E+13  2.474E+13  2.403E+13  2.317E+13  2.217E+13  2.103E+13  1.976E+13  1.831E+13  1.684E+13  1.527E+13  1.365E+13  1.195E+13  1.024E+13  8.552E+12  6.924E+12  5.398E+12  4.018E+12  2.825E+12  1.851E+12  1.113E+12  6.085E+11  3.023E+11  1.453E+11  7.283E+10  3.771E+10  1.699E+10  4.624E+09  3.017E+08  8.203E+06  2.157E-16  0.000E+00  0.000E+00  0.000E+00  0.000E+00  0.000E+00
  309.0000  0.000E+00  0.000E+00  0.000E+00  0.000E+00  0.000E+00  0.000E+00  0.000E+00  0.000E+00  0.000E+00  0.000E+00  0.000E+00  0.000E+00  0.000E+00  0.000E+00  0.000E+00  0.000E+00  0.000E+00  0.000E+00  0.000E+00  0.000E+00  0.000E+00  0.000E+00  0.000E+00  2.514E+00  2.071E+07  1.052E+09  8.654E+09  2.623E+10  5.581E+10  1.116E+11  2.346E+11  4.890E+11  9.395E+11  1.630E+12  2.577E+12  3.767E+12  5.168E+12  6.738E+12  8.431E+12  1.020E+13  1.200E+13  1.380E+13  1.556E+13  1.722E+13  1.881E+13  2.033E+13  2.175E+13  2.301E+13  2.412E+13  2.510E+13  2.592E+13  2.659E+13  2.711E+13  2.747E+13  2.768E+13  2.774E+13  2.764E+13  2.738E+13  2.697E+13  2.641E+13  2.569E+13  2.482E+13  2.381E+13  2.265E+13  2.135E+13  1.986E+13  1.835E+13  1.672E+13  1.504E+13  1.326E+13  1.146E+13  9.661E+12  7.910E+12  6.248E+12  4.724E+12  3.382E+12  2.262E+12  1.392E+12  7.778E+11  3.919E+11  1.861E+11  8.977E+10  4.492E+10  1.979E+10  5.308E+09  3.492E+08  9.348E+06  7.835E-15  0.000E+00  0.000E+00  0.000E+00  0.000E+00  0.000E+00
  310.0000  0.000E+00  0.000E+00  0.000E+00  0.000E+00  0.000E+00  0.000E+00  0.000E+00  0.000E+00  0.000E+00  0.000E+00  0.000E+00  0.000E+00  0.000E+00  0.000E+00  0.000E+00  0.000E+00  0.000E+00  0.000E+00  0.000E+00  0.000E+00  0.000E+00  0.000E+00  0.000E+00  2.496E+01  2.466E+07  1.283E+09  1.057E+10  3.347E+10  7.567E+10  1.643E+11  3.601E+11  7.369E+11  1.354E+12  2.236E+12  3.379E+12  4.754E+12  6.315E+12  8.013E+12  9.798E+12  1.163E+13  1.345E+13  1.525E+13  1.699E+13  1.861E+13  2.015E+13  2.157E+13  2.296E+13  2.415E+13  2.520E+13  2.611E+13  2.688E+13  2.750E+13  2.798E+13  2.832E+13  2.852E+13  2.857E+13  2.847E+13  2.824E+13  2.786E+13  2.733E+13  2.666E+13  2.585E+13  2.490E+13  2.381E+13  2.258E+13  2.117E+13  1.970E+13  1.812E+13  1.648E+13  1.472E+13  1.291E+13  1.107E+13  9.253E+12  7.488E+12  5.825E+12  4.315E+12  3.005E+12  1.941E+12  1.137E+12  5.965E+11  2.840E+11  1.289E+11  5.959E+10  2.486E+10  6.439E+09  4.295E+08  1.098E+07  5.002E-12  0.000E+00  0.000E+00  0.000E+00  0.000E+00  0.000E+00
  311.0000  0.000E+00  0.000E+00  0.000E+00  0.000E+00  0.000E+00  0.000E+00  0.000E+00  0.000E+00  0.000E+00  0.000E+00  0.000E+00  0.000E+00  0.000E+00  0.000E+00  0.000E+00  0.000E+00  0.000E+00  0.000E+00  0.000E+00  0.000E+00  0.000E+00  0.000E+00  0.000E+00  1.119E+02  4.550E+07  2.386E+09  1.969E+10  6.371E+10  1.485E+11  3.338E+11  7.378E+11  1.489E+12  2.674E+12  4.325E+12  6.415E+12  8.881E+12  1.164E+13  1.460E+13  1.768E+13  2.081E+13  2.392E+13  2.695E+13  2.987E+13  3.257E+13  3.513E+13  3.759E+13  3.979E+13  4.174E+13  4.347E+13  4.496E+13  4.622E+13  4.724E+13  4.802E+13  4.857E+13  4.889E+13  4.897E+13  4.883E+13  4.843E+13  4.782E+13  4.696E+13  4.587E+13  4.454E+13  4.298E+13  4.118E+13  3.916E+13  3.679E+13  3.439E+13  3.176E+13  2.901E+13  2.605E+13  2.299E+13  1.987E+13  1.675E+13  1.369E+13  1.078E+13  8.098E+12  5.736E+12  3.773E+12  2.262E+12  1.212E+12  5.823E+11  2.596E+11  1.157E+11  4.697E+10  1.194E+10  8.026E+08  2.011E+07  1.230E-10  0.000E+00  0.000E+00  0.000E+00  0.000E+00  0.000E+00
  312.0000  0.000E+00  0.000E+00  0.000E+00  0.000E+00  0.000E+00  0.000E+00  0.000E+00  0.000E+00  0.000E+00  0.000E+00  0.000E+00  0.000E+00  0.000E+00  0.000E+00  0.000E+00  0.000E+00  0.000E+00  0.000E+00  0.000E+00  0.000E+00  0.000E+00  0.000E+00  0.000E+00  3.940E+02  4.670E+07  2.483E+09  2.060E+10  6.922E+10  1.702E+11  4.004E+11  8.835E+11  1.732E+12  3.002E+12  4.702E+12  6.785E+12  9.179E+12  1.180E+13  1.457E+13  1.740E+13  2.025E+13  2.305E+13  2.575E+13  2.834E+13  3.071E+13  3.295E+13  3.505E+13  3.700E+13  3.869E+13  4.017E+13  4.145E+13  4.253E+13  4.340E+13  4.407E+13  4.454E+13  4.481E+13  4.488E+13  4.475E+13  4.442E+13  4.389E+13  4.316E+13  4.223E+13  4.109E+13  3.975E+13  3.821E+13  3.646E+13  3.442E+13  3.230E+13  3.000E+13  2.758E+13  2.495E+13  2.221E+13  1.939E+13  1.654E+13  1.372E+13  1.099E+13  8.425E+12  6.115E+12  4.141E+12  2.567E+12  1.424E+12  7.007E+11  3.085E+11  1.302E+11  5.037E+10  1.240E+10  8.407E+08  2.032E+07  4.759E-09  0.000E+00  0.000E+00  0.000E+00  0.000E+00  0.000E+00
  313.0000  0.000E+00  0.000E+00  0.000E+00  0.000E+00  0.000E+00  0.000E+00  0.000E+00  0.000E+00  0.000E+00  0.000E+00  0.000E+00  0.000E+00  0.000E+00  0.000E+00  0.000E+00  0.000E+00  0.000E+00  0.000E+00  0.000E+00  0.000E+00  0.000E+00  0.000E+00  0.000E+00  1.722E+03  6.114E+07  3.297E+09  2.763E+10  9.726E+10  2.539E+11  6.159E+11  1.334E+12  2.518E+12  4.206E+12  6.375E+12  8.950E+12  1.184E+13  1.493E+13  1.814E+13  2.139E+13  2.461E+13  2.775E+13  3.076E+13  3.361E+13  3.621E+13  3.866E+13  4.088E+13  4.304E+13  4.485E+13  4.645E+13  4.782E+13  4.897E+13  4.990E+13  5.061E+13  5.111E+13  5.139E+13  5.147E+13  5.133E+13  5.098E+13  5.042E+13  4.964E+13  4.865E+13  4.743E+13  4.600E+13  4.433E+13  4.245E+13  4.024E+13  3.795E+13  3.543E+13  3.277E+13  2.987E+13  2.682E+13  2.365E+13  2.041E+13  1.717E+13  1.398E+13  1.093E+13  8.129E+12  5.667E+12  3.637E+12  2.096E+12  1.068E+12  4.729E+11  1.906E+11  6.967E+10  1.648E+10  1.126E+09  2.597E+07  2.025E-07  0.000E+00  0.000E+00  0.000E+00  0.000E+00  0.000E+00
  314.0000  0.000E+00  0.000E+00  0.000E+00  0.000E+00  0.000E+00  0.000E+00  0.000E+00  0.000E+00  0.000E+00  0.000E+00  0.000E+00  0.000E+00  0.000E+00  0.000E+00  0.000E+00  0.000E+00  0.000E+00  0.000E+00  0.000E+00  0.000E+00  0.000E+00  0.000E+00  0.000E+00  3.216E+03  7.161E+07  3.870E+09  3.258E+10  1.170E+11  3.132E+11  7.662E+11  1.644E+12  3.051E+12  5.029E+12  7.525E+12  1.045E+13  1.370E+13  1.715E+13  2.071E+13  2.429E+13  2.781E+13  3.123E+13  3.451E+13  3.759E+13  4.040E+13  4.305E+13  4.545E+13  4.775E+13  4.970E+13  5.140E+13  5.287E+13  5.409E+13  5.509E+13  5.585E+13  5.638E+13  5.668E+13  5.676E+13  5.661E+13  5.624E+13  5.564E+13  5.481E+13  5.375E+13  5.246E+13  5.092E+13  4.914E+13  4.712E+13  4.469E+13  4.228E+13  3.957E+13  3.669E+13  3.354E+13  3.022E+13  2.676E+13  2.321E+13  1.963E+13  1.609E+13  1.268E+13  9.522E+12  6.714E+12  4.367E+12  2.556E+12  1.321E+12  5.884E+11  2.333E+11  8.324E+10  1.935E+10  1.327E+09  3.013E+07  9.627E-07  0.000E+00  0.000E+00  0.000E+00  0.000E+00  0.000E+00
  316.0000  0.000E+00  0.000E+00  0.000E+00  0.000E+00  0.000E+00  0.000E+00  0.000E+00  0.000E+00  0.000E+00  0.000E+00  0.000E+00  0.000E+00  0.000E+00  0.000E+00  0.000E+00  0.000E+00  0.000E+00  0.000E+00  0.000E+00  0.000E+00  0.000E+00  0.000E+00  0.000E+00  2.453E+04  9.925E+07  5.459E+09  4.745E+10  1.875E+11  5.461E+11  1.324E+12  2.666E+12  4.623E+12  7.165E+12  1.020E+13  1.360E+13  1.724E+13  2.101E+13  2.479E+13  2.853E+13  3.214E+13  3.560E+13  3.887E+13  4.193E+13  4.467E+13  4.724E+13  4.952E+13  5.177E+13  5.363E+13  5.524E+13  5.663E+13  5.778E+13  5.871E+13  5.942E+13  5.992E+13  6.020E+13  6.028E+13  6.014E+13  5.979E+13  5.923E+13  5.846E+13  5.746E+13  5.624E+13  5.479E+13  5.310E+13  5.117E+13  4.889E+13  4.650E+13  4.386E+13  4.103E+13  3.791E+13  3.458E+13  3.107E+13  2.741E+13  2.365E+13  1.986E+13  1.612E+13  1.254E+13  9.231E+12  6.334E+12  3.949E+12  2.189E+12  1.029E+12  3.996E+11  1.292E+11  2.755E+10  1.901E+09  3.918E+07  1.824E-04  0.000E+00  0.000E+00  0.000E+00  0.000E+00  0.000E+00
  320.0000  0.000E+00  0.000E+00  0.000E+00  0.000E+00  0.000E+00  0.000E+00  0.000E+00  0.000E+00  0.000E+00  0.000E+00  0.000E+00  0.000E+00  0.000E+00  0.000E+00  0.000E+00  0.000E+00  0.000E+00  0.000E+00  0.000E+00  0.000E+00  0.000E+00  0.000E+00  0.000E+00  2.966E+05  2.031E+08  1.117E+10  1.043E+11  4.680E+11  1.399E+12  3.129E+12  5.711E+12  9.102E+12  1.318E+13  1.775E+13  2.265E+13  2.768E+13  3.273E+13  3.768E+13  4.245E+13  4.699E+13  5.126E+13  5.524E+13  5.891E+13  6.218E+13  6.521E+13  6.793E+13  7.048E+13  7.262E+13  7.447E+13  7.605E+13  7.735E+13  7.841E+13  7.921E+13  7.977E+13  8.009E+13  8.017E+13  8.002E+13  7.962E+13  7.899E+13  7.812E+13  7.699E+13  7.560E+13  7.395E+13  7.201E+13  6.979E+13  6.715E+13  6.434E+13  6.121E+13  5.784E+13  5.407E+13  5.000E+13  4.565E+13  4.103E+13  3.620E+13  3.121E+13  2.615E+13  2.114E+13  1.634E+13  1.187E+13  7.967E+12  4.827E+12  2.505E+12  1.032E+12  3.112E+11  5.824E+10  3.987E+09  7.076E+07  6.700E-02  0.000E+00  0.000E+00  0.000E+00  0.000E+00  0.000E+00
  325.0000  0.000E+00  0.000E+00  0.000E+00  0.000E+00  0.000E+00  0.000E+00  0.000E+00  0.000E+00  0.000E+00  0.000E+00  0.000E+00  0.000E+00  0.000E+00  0.000E+00  0.000E+00  0.000E+00  0.000E+00  0.000E+00  0.000E+00  0.000E+00  0.000E+00  0.000E+00  0.000E+00  2.418E+06  4.636E+08  2.479E+10  2.572E+11  1.218E+12  3.337E+12  6.647E+12  1.105E+13  1.639E+13  2.245E+13  2.905E+13  3.563E+13  4.231E+13  4.883E+13  5.509E+13  6.103E+13  6.659E+13  7.175E+13  7.651E+13  8.085E+13  8.468E+13  8.821E+13  9.135E+13  9.427E+13  9.671E+13  9.880E+13  1.006E+14  1.020E+14  1.032E+14  1.041E+14  1.047E+14  1.051E+14  1.052E+14  1.050E+14  1.046E+14  1.039E+14  1.029E+14  1.016E+14  1.001E+14  9.821E+13  9.602E+13  9.348E+13  9.045E+13  8.719E+13  8.354E+13  7.959E+13  7.512E+13  7.024E+13  6.495E+13  5.927E+13  5.323E+13  4.688E+13  4.029E+13  3.359E+13  2.693E+13  2.054E+13  1.464E+13  9.586E+12  5.505E+12  2.551E+12  8.110E+11  1.378E+11  9.031E+09  1.349E+08  7.600E+00  0.000E+00  0.000E+00  0.000E+00  0.000E+00  0.000E+00
  330.0000  0.000E+00  0.000E+00  0.000E+00  0.000E+00  0.000E+00  0.000E+00  0.000E+00  0.000E+00  0.000E+00  0.000E+00  0.000E+00  0.000E+00  0.000E+00  0.000E+00  0.000E+00  0.000E+00  0.000E+00  0.000E+00  0.000E+00  0.000E+00  0.000E+00  0.000E+00  0.000E+00  7.518E+06  8.515E+08  4.403E+10  4.844E+11  2.227E+12  5.641E+12  1.055E+13  1.677E+13  2.407E+13  3.212E+13  4.059E+13  4.906E+13  5.742E+13  6.548E+13  7.312E+13  8.029E+13  8.696E+13  9.310E+13  9.871E+13  1.038E+14  1.083E+14  1.124E+14  1.160E+14  1.194E+14  1.222E+14  1.245E+14  1.266E+14  1.282E+14  1.296E+14  1.306E+14  1.313E+14  1.317E+14  1.318E+14  1.316E+14  1.311E+14  1.303E+14  1.292E+14  1.278E+14  1.260E+14  1.239E+14  1.214E+14  1.185E+14  1.150E+14  1.112E+14  1.069E+14  1.023E+14  9.708E+13  9.130E+13  8.500E+13  7.818E+13  7.086E+13  6.308E+13  5.491E+13  4.648E+13  3.794E+13  2.961E+13  2.170E+13  1.473E+13  8.888E+12  4.415E+12  1.512E+12  2.560E+11  1.615E+10  2.216E+08  8.894E+01  0.000E+00  0.000E+00  0.000E+00  0.000E+00  0.000E+00
  335.0000  0.000E+00  0.000E+00  0.000E+00  0.000E+00  0.000E+00  0.000E+00  0.000E+00  0.000E+00  0.000E+00  0.000E+00  0.000E+00  0.000E+00  0.000E+00  0.000E+00  0.000E+00  0.000E+00  0.000E+00  0.000E+00  0.000E+00  0.000E+00  0.000E+00  0.000E+00  0.000E+00  1.315E+07  1.101E+09  5.527E+10  6.281E+11  2.755E+12  6.574E+12  1.180E+13  1.824E+13  2.564E+13  3.365E+13  4.189E+13  5.008E+13  5.804E+13  6.562E+13  7.276E+13  7.941E+13  8.554E+13  9.116E+13  9.628E+13  1.009E+14  1.049E+14  1.086E+14  1.119E+14  1.149E+14  1.173E+14  1.195E+14  1.212E+14  1.227E+14  1.239E+14  1.248E+14  1.254E+14  1.257E+14  1.258E+14  1.256E+14  1.252E+14  1.245E+14  1.236E+14  1.223E+14  1.207E+14  1.189E+14  1.166E+14  1.140E+14  1.109E+14  1.075E+14  1.037E+14  9.956E+13  9.479E+13  8.953E+13  8.375E+13  7.745E+13  7.065E+13  6.337E+13  5.566E+13  4.761E+13  3.931E+13  3.116E+13  2.326E+13  1.614E+13  1.005E+13  5.231E+12  1.908E+12  3.316E+11  2.028E+10  2.658E+08  3.908E+02  0.000E+00  0.000E+00  0.000E+00  0.000E+00  0.000E+00
  340.0000  0.000E+00  0.000E+00  0.000E+00  0.000E+00  0.000E+00  0.000E+00  0.000E+00  0.000E+00  0.000E+00  0.000E+00  0.000E+00  0.000E+00  0.000E+00  0.000E+00  0.000E+00  0.000E+00  0.000E+00  0.000E+00  0.000E+00  0.000E+00  0.000E+00  0.000E+00  0.000E+00  1.944E+07  1.394E+09  6.875E+10  7.933E+11  3.399E+12  7.901E+12  1.394E+13  2.131E+13  2.968E+13  3.862E+13  4.771E+13  5.666E+13  6.527E+13  7.342E+13  8.104E+13  8.810E+13  9.459E+13  1.005E+14  1.059E+14  1.107E+14  1.149E+14  1.187E+14  1.221E+14  1.252E+14  1.277E+14  1.299E+14  1.317E+14  1.332E+14  1.344E+14  1.353E+14  1.359E+14  1.363E+14  1.364E+14  1.362E+14  1.358E+14  1.351E+14  1.341E+14  1.328E+14  1.312E+14  1.293E+14  1.270E+14  1.243E+14  1.211E+14  1.176E+14  1.136E+14  1.093E+14  1.043E+14  9.879E+13  9.270E+13  8.603E+13  7.880E+13  7.101E+13  6.270E+13  5.397E+13  4.488E+13  3.585E+13  2.700E+13  1.892E+13  1.193E+13  6.331E+12  2.376E+12  4.192E+11  2.516E+10  3.284E+08  1.055E+03  0.000E+00  0.000E+00  0.000E+00  0.000E+00  0.000E+00
  345.0000  0.000E+00  0.000E+00  0.000E+00  0.000E+00  0.000E+00  0.000E+00  0.000E+00  0.000E+00  0.000E+00  0.000E+00  0.000E+00  0.000E+00  0.000E+00  0.000E+00  0.000E+00  0.000E+00  0.000E+00  0.000E+00  0.000E+00  0.000E+00  0.000E+00  0.000E+00  0.000E+00  2.330E+07  1.502E+09  7.307E+10  8.531E+11  3.617E+12  8.304E+12  1.454E+13  2.211E+13  3.062E+13  3.960E+13  4.865E+13  5.749E+13  6.593E+13  7.388E+13  8.126E+13  8.808E+13  9.431E+13  9.998E+13  1.051E+14  1.097E+14  1.137E+14  1.173E+14  1.205E+14  1.234E+14  1.258E+14  1.278E+14  1.295E+14  1.309E+14  1.320E+14  1.329E+14  1.334E+14  1.338E+14  1.338E+14  1.337E+14  1.333E+14  1.326E+14  1.317E+14  1.305E+14  1.290E+14  1.272E+14  1.251E+14  1.226E+14  1.196E+14  1.162E+14  1.125E+14  1.084E+14  1.036E+14  9.833E+13  9.249E+13  8.608E+13  7.909E+13  7.153E+13  6.342E+13  5.484E+13  4.571E+13  3.683E+13  2.789E+13  1.966E+13  1.247E+13  6.676E+12  2.540E+12  4.507E+11  2.668E+10  3.515E+08  2.030E+03  0.000E+00  0.000E+00  0.000E+00  0.000E+00  0.000E+00
  350.0000  0.000E+00  0.000E+00  0.000E+00  0.000E+00  0.000E+00  0.000E+00  0.000E+00  0.000E+00  0.000E+00  0.000E+00  0.000E+00  0.000E+00  0.000E+00  0.000E+00  0.000E+00  0.000E+00  0.000E+00  0.000E+00  0.000E+00  0.000E+00  0.000E+00  0.000E+00  0.000E+00  2.664E+07  1.601E+09  7.700E+10  9.102E+11  3.887E+12  8.944E+12  1.568E+13  2.384E+13  3.295E+13  4.249E+13  5.202E+13  6.126E+13  7.003E+13  7.825E+13  8.585E+13  9.284E+13  9.922E+13  1.050E+14  1.102E+14  1.149E+14  1.189E+14  1.225E+14  1.257E+14  1.287E+14  1.311E+14  1.331E+14  1.348E+14  1.362E+14  1.373E+14  1.381E+14  1.387E+14  1.390E+14  1.391E+14  1.389E+14  1.385E+14  1.379E+14  1.370E+14  1.358E+14  1.343E+14  1.325E+14  1.304E+14  1.279E+14  1.248E+14  1.215E+14  1.177E+14  1.135E+14  1.087E+14  1.033E+14  9.736E+13  9.080E+13  8.362E+13  7.582E+13  6.743E+13  5.849E+13  4.909E+13  3.956E+13  3.004E+13  2.121E+13  1.344E+13  7.186E+12  2.726E+12  4.794E+11  2.811E+10  3.796E+08  3.338E+03  0.000E+00  0.000E+00  0.000E+00  0.000E+00  0.000E+00
  355.0000  0.000E+00  0.000E+00  0.000E+00  0.000E+00  0.000E+00  0.000E+00  0.000E+00  0.000E+00  0.000E+00  0.000E+00  0.000E+00  0.000E+00  0.000E+00  0.000E+00  0.000E+00  0.000E+00  0.000E+00  0.000E+00  0.000E+00  0.000E+00  0.000E+00  0.000E+00  0.000E+00  3.165E+07  1.762E+09  8.399E+10  1.004E+12  4.290E+12  9.845E+12  1.724E+13  2.614E+13  3.600E+13  4.622E+13  5.635E+13  6.610E+13  7.531E+13  8.388E+13  9.179E+13  9.903E+13  1.056E+14  1.116E+14  1.169E+14  1.217E+14  1.258E+14  1.295E+14  1.328E+14  1.357E+14  1.382E+14  1.402E+14  1.419E+14  1.433E+14  1.444E+14  1.453E+14  1.458E+14  1.462E+14  1.462E+14  1.461E+14  1.457E+14  1.450E+14  1.441E+14  1.429E+14  1.414E+14  1.396E+14  1.375E+14  1.349E+14  1.318E+14  1.284E+14  1.246E+14  1.203E+14  1.154E+14  1.098E+14  1.037E+14  9.692E+13  8.947E+13  8.136E+13  7.258E+13  6.319E+13  5.317E+13  4.309E+13  3.286E+13  2.327E+13  1.478E+13  7.916E+12  3.010E+12  5.275E+11  3.056E+10  4.205E+08  5.719E+03  0.000E+00  0.000E+00  0.000E+00  0.000E+00  0.000E+00
  360.0000  0.000E+00  0.000E+00  0.000E+00  0.000E+00  0.000E+00  0.000E+00  0.000E+00  0.000E+00  0.000E+00  0.000E+00  0.000E+00  0.000E+00  0.000E+00  0.000E+00  0.000E+00  0.000E+00  0.000E+00  0.000E+00  0.000E+00  0.000E+00  0.000E+00  0.000E+00  0.000E+00  3.180E+07  1.654E+09  7.818E+10  9.454E+11  4.058E+12  9.313E+12  1.630E+13  2.468E+13  3.388E+13  4.334E+13  5.264E+13  6.152E+13  6.987E+13  7.760E+13  8.471E+13  9.120E+13  9.708E+13  1.024E+14  1.071E+14  1.114E+14  1.150E+14  1.183E+14  1.211E+14  1.238E+14  1.259E+14  1.277E+14  1.292E+14  1.304E+14  1.313E+14  1.321E+14  1.326E+14  1.328E+14  1.329E+14  1.328E+14  1.324E+14  1.319E+14  1.311E+14  1.300E+14  1.288E+14  1.272E+14  1.253E+14  1.231E+14  1.203E+14  1.173E+14  1.139E+14  1.101E+14  1.058E+14  1.008E+14  9.537E+13  8.931E+13  8.263E+13  7.533E+13  6.740E+13  5.887E+13  4.970E+13  4.045E+13  3.096E+13  2.199E+13  1.398E+13  7.489E+12  2.846E+12  4.954E+11  2.837E+10  3.989E+08  7.981E+03  0.000E+00  0.000E+00  0.000E+00  0.000E+00  0.000E+00
  365.0000  0.000E+00  0.000E+00  0.000E+00  0.000E+00  0.000E+00  0.000E+00  0.000E+00  0.000E+00  0.000E+00  0.000E+00  0.000E+00  0.000E+00  0.000E+00  0.000E+00  0.000E+00  0.000E+00  0.000E+00  0.000E+00  0.000E+00  0.000E+00  0.000E+00  0.000E+00  0.000E+00  4.408E+07  2.151E+09  1.010E+11  1.234E+12  5.327E+12  1.223E+13  2.141E+13  3.236E+13  4.428E+13  5.642E+13  6.827E+13  7.952E+13  9.003E+13  9.973E+13  1.086E+14  1.167E+14  1.240E+14  1.306E+14  1.365E+14  1.417E+14  1.461E+14  1.502E+14  1.537E+14  1.569E+14  1.595E+14  1.617E+14  1.635E+14  1.649E+14  1.661E+14  1.670E+14  1.676E+14  1.679E+14  1.680E+14  1.678E+14  1.674E+14  1.667E+14  1.658E+14  1.645E+14  1.630E+14  1.610E+14  1.587E+14  1.560E+14  1.527E+14  1.490E+14  1.448E+14  1.402E+14  1.348E+14  1.287E+14  1.219E+14  1.143E+14  1.060E+14  9.688E+13  8.692E+13  7.617E+13  6.449E+13  5.273E+13  4.051E+13  2.885E+13  1.836E+13  9.833E+12  3.734E+12  6.450E+11  3.650E+10  5.247E+08  1.499E+04  0.000E+00  0.000E+00  0.000E+00  0.000E+00  0.000E+00
  370.0000  0.000E+00  0.000E+00  0.000E+00  0.000E+00  0.000E+00  0.000E+00  0.000E+00  0.000E+00  0.000E+00  0.000E+00  0.000E+00  0.000E+00  0.000E+00  0.000E+00  0.000E+00  0.000E+00  0.000E+00  0.000E+00  0.000E+00  0.000E+00  0.000E+00  0.000E+00  0.000E+00  4.961E+07  2.277E+09  1.053E+11  1.314E+12  5.705E+12  1.311E+13  2.296E+13  3.464E+13  4.724E+13  5.997E+13  7.229E+13  8.393E+13  9.474E+13  1.047E+14  1.138E+14  1.220E+14  1.294E+14  1.361E+14  1.420E+14  1.473E+14  1.518E+14  1.559E+14  1.594E+14  1.626E+14  1.652E+14  1.673E+14  1.691E+14  1.706E+14  1.718E+14  1.726E+14  1.732E+14  1.735E+14  1.736E+14  1.735E+14  1.731E+14  1.724E+14  1.714E+14  1.702E+14  1.686E+14  1.667E+14  1.644E+14  1.617E+14  1.584E+14  1.547E+14  1.505E+14  1.458E+14  1.403E+14  1.342E+14  1.273E+14  1.196E+14  1.111E+14  1.018E+14  9.155E+13  8.047E+13  6.839E+13  5.610E+13  4.327E+13  3.091E+13  1.969E+13  1.054E+13  3.995E+12  6.837E+11  3.813E+10  5.620E+08  2.236E+04  0.000E+00  0.000E+00  0.000E+00  0.000E+00  0.000E+00
  375.0000  0.000E+00  0.000E+00  0.000E+00  0.000E+00  0.000E+00  0.000E+00  0.000E+00  0.000E+00  0.000E+00  0.000E+00  0.000E+00  0.000E+00  0.000E+00  0.000E+00  0.000E+00  0.000E+00  0.000E+00  0.000E+00  0.000E+00  0.000E+00  0.000E+00  0.000E+00  0.000E+00  4.826E+07  2.094E+09  9.678E+10  1.214E+12  5.303E+12  1.220E+13  2.137E+13  3.218E+13  4.374E+13  5.531E+13  6.644E+13  7.689E+13  8.656E+13  9.542E+13  1.035E+14  1.108E+14  1.173E+14  1.232E+14  1.284E+14  1.331E+14  1.370E+14  1.405E+14  1.436E+14  1.464E+14  1.487E+14  1.505E+14  1.521E+14  1.534E+14  1.543E+14  1.551E+14  1.556E+14  1.559E+14  1.559E+14  1.558E+14  1.555E+14  1.549E+14  1.541E+14  1.530E+14  1.517E+14  1.500E+14  1.480E+14  1.457E+14  1.427E+14  1.395E+14  1.358E+14  1.317E+14  1.269E+14  1.215E+14  1.154E+14  1.087E+14  1.011E+14  9.282E+13  8.371E+13  7.379E+13  6.288E+13  5.181E+13  4.010E+13  2.874E+13  1.833E+13  9.807E+12  3.710E+12  6.298E+11  3.504E+10  5.233E+08  2.829E+04  0.000E+00  0.000E+00  0.000E+00  0.000E+00  0.000E+00
  380.0000  0.000E+00  0.000E+00  0.000E+00  0.000E+00  0.000E+00  0.000E+00  0.000E+00  0.000E+00  0.000E+00  0.000E+00  0.000E+00  0.000E+00  0.000E+00  0.000E+00  0.000E+00  0.000E+00  0.000E+00  0.000E+00  0.000E+00  0.000E+00  0.000E+00  0.000E+00  0.000E+00  5.957E+07  2.443E+09  1.115E+11  1.426E+12  6.271E+12  1.445E+13  2.530E+13  3.801E+13  5.149E+13  6.486E+13  7.763E+13  8.956E+13  1.006E+14  1.106E+14  1.197E+14  1.279E+14  1.353E+14  1.419E+14  1.478E+14  1.529E+14  1.573E+14  1.612E+14  1.647E+14  1.678E+14  1.702E+14  1.723E+14  1.740E+14  1.754E+14  1.765E+14  1.773E+14  1.779E+14  1.782E+14  1.782E+14  1.781E+14  1.777E+14  1.771E+14  1.762E+14  1.750E+14  1.736E+14  1.717E+14  1.695E+14  1.669E+14  1.637E+14  1.601E+14  1.560E+14  1.514E+14  1.461E+14  1.400E+14  1.332E+14  1.255E+14  1.171E+14  1.077E+14  9.732E+13  8.603E+13  7.358E+13  6.082E+13  4.726E+13  3.397E+13  2.171E+13  1.161E+13  4.383E+12  7.364E+11  4.045E+10  6.186E+08  4.468E+04  0.000E+00  0.000E+00  0.000E+00  0.000E+00  0.000E+00
  385.0000  0.000E+00  0.000E+00  0.000E+00  0.000E+00  0.000E+00  0.000E+00  0.000E+00  0.000E+00  0.000E+00  0.000E+00  0.000E+00  0.000E+00  0.000E+00  0.000E+00  0.000E+00  0.000E+00  0.000E+00  0.000E+00  0.000E+00  0.000E+00  0.000E+00  0.000E+00  0.000E+00  4.808E+07  1.869E+09  8.476E+10  1.099E+12  4.862E+12  1.121E+13  1.963E+13  2.942E+13  3.970E+13  4.983E+13  5.940E+13  6.836E+13  7.656E+13  8.402E+13  9.077E+13  9.685E+13  1.023E+14  1.071E+14  1.115E+14  1.152E+14  1.184E+14  1.213E+14  1.238E+14  1.261E+14  1.279E+14  1.294E+14  1.306E+14  1.316E+14  1.324E+14  1.330E+14  1.334E+14  1.336E+14  1.336E+14  1.335E+14  1.333E+14  1.328E+14  1.322E+14  1.313E+14  1.303E+14  1.290E+14  1.274E+14  1.255E+14  1.231E+14  1.205E+14  1.175E+14  1.142E+14  1.102E+14  1.057E+14  1.007E+14  9.508E+13  8.880E+13  8.183E+13  7.415E+13  6.572E+13  5.636E+13  4.678E+13  3.649E+13  2.632E+13  1.685E+13  9.007E+12  3.395E+12  5.652E+11  3.066E+10  4.793E+08  4.547E+04  0.000E+00  0.000E+00  0.000E+00  0.000E+00  0.000E+00
  390.0000  0.000E+00  0.000E+00  0.000E+00  0.000E+00  0.000E+00  0.000E+00  0.000E+00  0.000E+00  0.000E+00  0.000E+00  0.000E+00  0.000E+00  0.000E+00  0.000E+00  0.000E+00  0.000E+00  0.000E+00  0.000E+00  0.000E+00  0.000E+00  0.000E+00  0.000E+00  0.000E+00  6.704E+07  2.477E+09  1.124E+11  1.467E+12  6.528E+12  1.507E+13  2.637E+13  3.941E+13  5.298E+13  6.624E+13  7.865E+13  9.031E+13  1.009E+14  1.105E+14  1.192E+14  1.270E+14  1.339E+14  1.401E+14  1.456E+14  1.504E+14  1.545E+14  1.581E+14  1.613E+14  1.641E+14  1.664E+14  1.683E+14  1.698E+14  1.711E+14  1.720E+14  1.728E+14  1.732E+14  1.735E+14  1.736E+14  1.735E+14  1.731E+14  1.726E+14  1.718E+14  1.707E+14  1.694E+14  1.677E+14  1.657E+14  1.634E+14  1.604E+14  1.571E+14  1.533E+14  1.490E+14  1.440E+14  1.383E+14  1.319E+14  1.247E+14  1.166E+14  1.077E+14  9.779E+13  8.690E+13  7.473E+13  6.226E+13  4.875E+13  3.529E+13  2.264E+13  1.210E+13  4.556E+12  7.521E+11  4.020E+10  6.433E+08  7.886E+04  0.000E+00  0.000E+00  0.000E+00  0.000E+00  0.000E+00
  395.0000  0.000E+00  0.000E+00  0.000E+00  0.000E+00  0.000E+00  0.000E+00  0.000E+00  0.000E+00  0.000E+00  0.000E+00  0.000E+00  0.000E+00  0.000E+00  0.000E+00  0.000E+00  0.000E+00  0.000E+00  0.000E+00  0.000E+00  0.000E+00  0.000E+00  0.000E+00  0.000E+00  5.539E+07  1.943E+09  8.688E+10  1.162E+12  5.205E+12  1.202E+13  2.102E+13  3.133E+13  4.196E+13  5.227E+13  6.181E+13  7.083E+13  7.893E+13  8.628E+13  9.289E+13  9.882E+13  1.041E+14  1.088E+14  1.130E+14  1.166E+14  1.197E+14  1.224E+14  1.248E+14  1.269E+14  1.286E+14  1.300E+14  1.312E+14  1.321E+14  1.328E+14  1.333E+14  1.337E+14  1.339E+14  1.340E+14  1.339E+14  1.336E+14  1.332E+14  1.326E+14  1.318E+14  1.308E+14  1.296E+14  1.281E+14  1.263E+14  1.241E+14  1.216E+14  1.188E+14  1.156E+14  1.118E+14  1.075E+14  1.026E+14  9.710E+13  9.096E+13  8.413E+13  7.656E+13  6.820E+13  5.896E+13  4.918E+13  3.865E+13  2.809E+13  1.806E+13  9.655E+12  3.630E+12  5.932E+11  3.091E+10  5.116E+08  8.003E+04  0.000E+00  0.000E+00  0.000E+00  0.000E+00  0.000E+00
  400.0000  0.000E+00  0.000E+00  0.000E+00  0.000E+00  0.000E+00  0.000E+00  0.000E+00  0.000E+00  0.000E+00  0.000E+00  0.000E+00  0.000E+00  0.000E+00  0.000E+00  0.000E+00  0.000E+00  0.000E+00  0.000E+00  0.000E+00  0.000E+00  0.000E+00  0.000E+00  0.000E+00  1.093E+08  3.659E+09  1.638E+11  2.206E+12  9.932E+12  2.295E+13  4.009E+13  5.957E+13  7.947E+13  9.862E+13  1.166E+14  1.328E+14  1.477E+14  1.612E+14  1.732E+14  1.840E+14  1.937E+14  2.022E+14  2.097E+14  2.163E+14  2.219E+14  2.268E+14  2.310E+14  2.349E+14  2.379E+14  2.404E+14  2.425E+14  2.442E+14  2.454E+14  2.464E+14  2.470E+14  2.474E+14  2.475E+14  2.473E+14  2.469E+14  2.461E+14  2.451E+14  2.437E+14  2.419E+14  2.397E+14  2.371E+14  2.339E+14  2.298E+14  2.254E+14  2.202E+14  2.144E+14  2.076E+14  1.997E+14  1.909E+14  1.809E+14  1.697E+14  1.572E+14  1.434E+14  1.280E+14  1.109E+14  9.289E+13  7.328E+13  5.346E+13  3.446E+13  1.843E+13  6.921E+12  1.121E+12  5.822E+10  9.758E+08  1.918E+05  0.000E+00  0.000E+00  0.000E+00  0.000E+00  0.000E+00
  405.0000  0.000E+00  0.000E+00  0.000E+00  0.000E+00  0.000E+00  0.000E+00  0.000E+00  0.000E+00  0.000E+00  0.000E+00  0.000E+00  0.000E+00  0.000E+00  0.000E+00  0.000E+00  0.000E+00  0.000E+00  0.000E+00  0.000E+00  0.000E+00  0.000E+00  0.000E+00  0.000E+00  1.182E+08  3.776E+09  1.681E+11  2.297E+12  1.040E+13  2.405E+13  4.195E+13  6.213E+13  8.256E+13  1.021E+14  1.203E+14  1.367E+14  1.517E+14  1.652E+14  1.773E+14  1.882E+14  1.978E+14  2.063E+14  2.138E+14  2.204E+14  2.259E+14  2.308E+14  2.350E+14  2.388E+14  2.418E+14  2.442E+14  2.462E+14  2.478E+14  2.491E+14  2.500E+14  2.506E+14  2.510E+14  2.511E+14  2.509E+14  2.505E+14  2.498E+14  2.488E+14  2.474E+14  2.457E+14  2.435E+14  2.409E+14  2.378E+14  2.338E+14  2.294E+14  2.242E+14  2.185E+14  2.116E+14  2.038E+14  1.950E+14  1.850E+14  1.738E+14  1.613E+14  1.473E+14  1.319E+14  1.146E+14  9.626E+13  7.623E+13  5.582E+13  3.608E+13  1.931E+13  7.244E+12  1.163E+12  5.957E+10  1.020E+09  2.491E+05  0.000E+00  0.000E+00  0.000E+00  0.000E+00  0.000E+00
  410.0000  0.000E+00  0.000E+00  0.000E+00  0.000E+00  0.000E+00  0.000E+00  0.000E+00  0.000E+00  0.000E+00  0.000E+00  0.000E+00  0.000E+00  0.000E+00  0.000E+00  0.000E+00  0.000E+00  0.000E+00  0.000E+00  0.000E+00  0.000E+00  0.000E+00  0.000E+00  0.000E+00  1.289E+08  3.934E+09  1.738E+11  2.418E+12  1.101E+13  2.546E+13  4.436E+13  6.547E+13  8.667E+13  1.068E+14  1.254E+14  1.423E+14  1.575E+14  1.713E+14  1.835E+14  1.945E+14  2.042E+14  2.128E+14  2.204E+14  2.270E+14  2.325E+14  2.375E+14  2.417E+14  2.455E+14  2.485E+14  2.509E+14  2.529E+14  2.545E+14  2.557E+14  2.566E+14  2.573E+14  2.576E+14  2.577E+14  2.575E+14  2.571E+14  2.564E+14  2.554E+14  2.541E+14  2.524E+14  2.502E+14  2.476E+14  2.445E+14  2.405E+14  2.361E+14  2.309E+14  2.251E+14  2.182E+14  2.104E+14  2.014E+14  1.913E+14  1.800E+14  1.673E+14  1.531E+14  1.373E+14  1.196E+14  1.008E+14  8.012E+13  5.890E+13  3.818E+13  2.045E+13  7.662E+12  1.218E+12  6.169E+10  1.077E+09  3.228E+05  0.000E+00  0.000E+00  0.000E+00  0.000E+00  0.000E+00
  415.0000  0.000E+00  0.000E+00  0.000E+00  0.000E+00  0.000E+00  0.000E+00  0.000E+00  0.000E+00  0.000E+00  0.000E+00  0.000E+00  0.000E+00  0.000E+00  0.000E+00  0.000E+00  0.000E+00  0.000E+00  0.000E+00  0.000E+00  0.000E+00  0.000E+00  0.000E+00  0.000E+00  1.419E+08  4.139E+09  1.814E+11  2.574E+12  1.178E+13  2.724E+13  4.737E+13  6.967E+13  9.187E+13  1.128E+14  1.320E+14  1.495E+14  1.652E+14  1.793E+14  1.919E+14  2.031E+14  2.131E+14  2.219E+14  2.296E+14  2.363E+14  2.419E+14  2.469E+14  2.512E+14  2.550E+14  2.580E+14  2.605E+14  2.625E+14  2.641E+14  2.653E+14  2.662E+14  2.668E+14  2.672E+14  2.673E+14  2.671E+14  2.667E+14  2.660E+14  2.650E+14  2.637E+14  2.620E+14  2.598E+14  2.572E+14  2.540E+14  2.500E+14  2.455E+14  2.403E+14  2.344E+14  2.274E+14  2.193E+14  2.102E+14  1.999E+14  1.882E+14  1.752E+14  1.606E+14  1.444E+14  1.262E+14  1.066E+14  8.502E+13  6.275E+13  4.080E+13  2.187E+13  8.194E+12  1.291E+12  6.371E+10  1.148E+09  4.190E+05  0.000E+00  0.000E+00  0.000E+00  0.000E+00  0.000E+00
  420.0000  0.000E+00  0.000E+00  0.000E+00  0.000E+00  0.000E+00  0.000E+00  0.000E+00  0.000E+00  0.000E+00  0.000E+00  0.000E+00  0.000E+00  0.000E+00  0.000E+00  0.000E+00  0.000E+00  0.000E+00  0.000E+00  0.000E+00  0.000E+00  0.000E+00  0.000E+00  0.000E+00  1.508E+08  4.221E+09  1.848E+11  2.653E+12  1.219E+13  2.820E+13  4.896E+13  7.174E+13  9.425E+13  1.153E+14  1.346E+14  1.521E+14  1.677E+14  1.818E+14  1.943E+14  2.054E+14  2.153E+14  2.240E+14  2.316E+14  2.383E+14  2.438E+14  2.487E+14  2.529E+14  2.567E+14  2.596E+14  2.620E+14  2.640E+14  2.655E+14  2.667E+14  2.676E+14  2.682E+14  2.685E+14  2.686E+14  2.685E+14  2.680E+14  2.674E+14  2.664E+14  2.651E+14  2.635E+14  2.614E+14  2.588E+14  2.557E+14  2.517E+14  2.473E+14  2.422E+14  2.364E+14  2.294E+14  2.215E+14  2.125E+14  2.022E+14  1.907E+14  1.777E+14  1.632E+14  1.470E+14  1.289E+14  1.091E+14  8.732E+13  6.469E+13  4.220E+13  2.265E+13  8.480E+12  1.324E+12  6.501E+10  1.187E+09  5.204E+05  0.000E+00  0.000E+00  0.000E+00  0.000E+00  0.000E+00
  425.0000  0.000E+00  0.000E+00  0.000E+00  0.000E+00  0.000E+00  0.000E+00  0.000E+00  0.000E+00  0.000E+00  0.000E+00  0.000E+00  0.000E+00  0.000E+00  0.000E+00  0.000E+00  0.000E+00  0.000E+00  0.000E+00  0.000E+00  0.000E+00  0.000E+00  0.000E+00  0.000E+00  1.509E+08  4.053E+09  1.766E+11  2.578E+12  1.191E+13  2.757E+13  4.778E+13  6.978E+13  9.133E+13  1.114E+14  1.297E+14  1.462E+14  1.610E+14  1.742E+14  1.860E+14  1.964E+14  2.057E+14  2.139E+14  2.210E+14  2.272E+14  2.324E+14  2.369E+14  2.408E+14  2.443E+14  2.471E+14  2.493E+14  2.511E+14  2.525E+14  2.536E+14  2.544E+14  2.549E+14  2.552E+14  2.553E+14  2.552E+14  2.548E+14  2.542E+14  2.533E+14  2.521E+14  2.506E+14  2.487E+14  2.463E+14  2.434E+14  2.397E+14  2.356E+14  2.308E+14  2.254E+14  2.189E+14  2.115E+14  2.030E+14  1.934E+14  1.826E+14  1.703E+14  1.567E+14  1.414E+14  1.242E+14  1.055E+14  8.470E+13  6.299E+13  4.122E+13  2.214E+13  8.281E+12  1.281E+12  6.183E+10  1.156E+09  6.021E+05  0.000E+00  0.000E+00  0.000E+00  0.000E+00  0.000E+00
  430.0000  0.000E+00  0.000E+00  0.000E+00  0.000E+00  0.000E+00  0.000E+00  0.000E+00  0.000E+00  0.000E+00  0.000E+00  0.000E+00  0.000E+00  0.000E+00  0.000E+00  0.000E+00  0.000E+00  0.000E+00  0.000E+00  0.000E+00  0.000E+00  0.000E+00  0.000E+00  0.000E+00  1.463E+08  3.775E+09  1.638E+11  2.430E+12  1.127E+13  2.607E+13  4.508E+13  6.558E+13  8.552E+13  1.040E+14  1.207E+14  1.358E+14  1.493E+14  1.613E+14  1.720E+14  1.815E+14  1.899E+14  1.973E+14  2.038E+14  2.094E+14  2.140E+14  2.182E+14  2.217E+14  2.248E+14  2.273E+14  2.292E+14  2.308E+14  2.321E+14  2.331E+14  2.338E+14  2.343E+14  2.345E+14  2.346E+14  2.345E+14  2.341E+14  2.336E+14  2.328E+14  2.318E+14  2.304E+14  2.287E+14  2.266E+14  2.240E+14  2.207E+14  2.170E+14  2.127E+14  2.078E+14  2.019E+14  1.952E+14  1.875E+14  1.788E+14  1.689E+14  1.578E+14  1.453E+14  1.314E+14  1.158E+14  9.852E+13  7.940E+13  5.927E+13  3.893E+13  2.094E+13  7.834E+12  1.202E+12  5.719E+10  1.091E+09  6.722E+05  0.000E+00  0.000E+00  0.000E+00  0.000E+00  0.000E+00
  435.0000  0.000E+00  0.000E+00  0.000E+00  0.000E+00  0.000E+00  0.000E+00  0.000E+00  0.000E+00  0.000E+00  0.000E+00  0.000E+00  0.000E+00  0.000E+00  0.000E+00  0.000E+00  0.000E+00  0.000E+00  0.000E+00  0.000E+00  0.000E+00  0.000E+00  0.000E+00  0.000E+00  1.777E+08  4.408E+09  1.904E+11  2.876E+12  1.339E+13  3.097E+13  5.344E+13  7.746E+13  1.006E+14  1.220E+14  1.413E+14  1.586E+14  1.741E+14  1.879E+14  2.001E+14  2.110E+14  2.206E+14  2.290E+14  2.364E+14  2.428E+14  2.481E+14  2.528E+14  2.567E+14  2.603E+14  2.630E+14  2.653E+14  2.671E+14  2.685E+14  2.696E+14  2.704E+14  2.709E+14  2.712E+14  2.713E+14  2.711E+14  2.708E+14  2.702E+14  2.693E+14  2.681E+14  2.666E+14  2.647E+14  2.623E+14  2.594E+14  2.556E+14  2.514E+14  2.465E+14  2.410E+14  2.343E+14  2.266E+14  2.178E+14  2.079E+14  1.966E+14  1.839E+14  1.696E+14  1.536E+14  1.357E+14  1.157E+14  9.354E+13  7.009E+13  4.619E+13  2.488E+13  9.306E+12  1.415E+12  6.594E+10  1.292E+09  9.320E+05  0.000E+00  0.000E+00  0.000E+00  0.000E+00  0.000E+00
  440.0000  0.000E+00  0.000E+00  0.000E+00  0.000E+00  0.000E+00  0.000E+00  0.000E+00  0.000E+00  0.000E+00  0.000E+00  0.000E+00  0.000E+00  0.000E+00  0.000E+00  0.000E+00  0.000E+00  0.000E+00  0.000E+00  0.000E+00  0.000E+00  0.000E+00  0.000E+00  0.000E+00  1.898E+08  4.537E+09  1.949E+11  3.001E+12  1.405E+13  3.252E+13  5.602E+13  8.093E+13  1.048E+14  1.267E+14  1.464E+14  1.641E+14  1.798E+14  1.938E+14  2.063E+14  2.173E+14  2.270E+14  2.355E+14  2.430E+14  2.494E+14  2.548E+14  2.595E+14  2.635E+14  2.670E+14  2.698E+14  2.720E+14  2.738E+14  2.752E+14  2.763E+14  2.771E+14  2.776E+14  2.779E+14  2.780E+14  2.778E+14  2.775E+14  2.769E+14  2.760E+14  2.749E+14  2.733E+14  2.714E+14  2.690E+14  2.661E+14  2.623E+14  2.581E+14  2.532E+14  2.476E+14  2.409E+14  2.331E+14  2.242E+14  2.141E+14  2.027E+14  1.898E+14  1.752E+14  1.589E+14  1.407E+14  1.202E+14  9.750E+13  7.331E+13  4.846E+13  2.612E+13  9.758E+12  1.469E+12  6.719E+10  1.351E+09  1.125E+06  0.000E+00  0.000E+00  0.000E+00  0.000E+00  0.000E+00
  445.0000  0.000E+00  0.000E+00  0.000E+00  0.000E+00  0.000E+00  0.000E+00  0.000E+00  0.000E+00  0.000E+00  0.000E+00  0.000E+00  0.000E+00  0.000E+00  0.000E+00  0.000E+00  0.000E+00  0.000E+00  0.000E+00  0.000E+00  0.000E+00  0.000E+00  0.000E+00  0.000E+00  2.122E+08  4.894E+09  2.098E+11  3.279E+12  1.542E+13  3.568E+13  6.132E+13  8.829E+13  1.139E+14  1.374E+14  1.584E+14  1.772E+14  1.939E+14  2.088E+14  2.219E+14  2.336E+14  2.439E+14  2.529E+14  2.608E+14  2.676E+14  2.732E+14  2.782E+14  2.824E+14  2.861E+14  2.890E+14  2.913E+14  2.932E+14  2.947E+14  2.958E+14  2.966E+14  2.971E+14  2.974E+14  2.975E+14  2.974E+14  2.970E+14  2.964E+14  2.955E+14  2.943E+14  2.927E+14  2.907E+14  2.882E+14  2.851E+14  2.812E+14  2.768E+14  2.716E+14  2.657E+14  2.585E+14  2.503E+14  2.409E+14  2.302E+14  2.181E+14  2.044E+14  1.890E+14  1.717E+14  1.522E+14  1.305E+14  1.061E+14  8.006E+13  5.310E+13  2.867E+13  1.070E+13  1.598E+12  7.247E+10  1.478E+09  1.416E+06  0.000E+00  0.000E+00  0.000E+00  0.000E+00  0.000E+00
  450.0000  0.000E+00  0.000E+00  0.000E+00  0.000E+00  0.000E+00  0.000E+00  0.000E+00  0.000E+00  0.000E+00  0.000E+00  0.000E+00  0.000E+00  0.000E+00  0.000E+00  0.000E+00  0.000E+00  0.000E+00  0.000E+00  0.000E+00  0.000E+00  0.000E+00  0.000E+00  0.000E+00  2.351E+08  5.232E+09  2.234E+11  3.555E+12  1.676E+13  3.877E+13  6.647E+13  9.534E+13  1.226E+14  1.474E+14  1.696E+14  1.894E+14  2.070E+14  2.226E+14  2.365E+14  2.487E+14  2.595E+14  2.690E+14  2.772E+14  2.843E+14  2.902E+14  2.953E+14  2.997E+14  3.036E+14  3.066E+14  3.090E+14  3.109E+14  3.124E+14  3.136E+14  3.144E+14  3.150E+14  3.153E+14  3.153E+14  3.152E+14  3.148E+14  3.142E+14  3.133E+14  3.120E+14  3.104E+14  3.083E+14  3.058E+14  3.026E+14  2.985E+14  2.939E+14  2.884E+14  2.823E+14  2.748E+14  2.662E+14  2.564E+14  2.452E+14  2.325E+14  2.181E+14  2.019E+14  1.837E+14  1.632E+14  1.401E+14  1.143E+14  8.656E+13  5.761E+13  3.116E+13  1.164E+13  1.725E+12  7.674E+10  1.602E+09  1.760E+06  0.000E+00  0.000E+00  0.000E+00  0.000E+00  0.000E+00
  455.0000  0.000E+00  0.000E+00  0.000E+00  0.000E+00  0.000E+00  0.000E+00  0.000E+00  0.000E+00  0.000E+00  0.000E+00  0.000E+00  0.000E+00  0.000E+00  0.000E+00  0.000E+00  0.000E+00  0.000E+00  0.000E+00  0.000E+00  0.000E+00  0.000E+00  0.000E+00  0.000E+00  2.386E+08  5.131E+09  2.182E+11  3.538E+12  1.674E+13  3.871E+13  6.620E+13  9.463E+13  1.213E+14  1.455E+14  1.671E+14  1.862E+14  2.033E+14  2.184E+14  2.318E+14  2.436E+14  2.540E+14  2.631E+14  2.711E+14  2.779E+14  2.836E+14  2.885E+14  2.927E+14  2.964E+14  2.993E+14  3.016E+14  3.034E+14  3.049E+14  3.059E+14  3.067E+14  3.072E+14  3.075E+14  3.076E+14  3.075E+14  3.071E+14  3.065E+14  3.056E+14  3.045E+14  3.029E+14  3.010E+14  2.985E+14  2.955E+14  2.915E+14  2.871E+14  2.819E+14  2.760E+14  2.688E+14  2.605E+14  2.510E+14  2.402E+14  2.279E+14  2.140E+14  1.983E+14  1.807E+14  1.608E+14  1.384E+14  1.132E+14  8.600E+13  5.743E+13  3.111E+13  1.162E+13  1.708E+12  7.462E+10  1.595E+09  1.990E+06  0.000E+00  0.000E+00  0.000E+00  0.000E+00  0.000E+00
  460.0000  0.000E+00  0.000E+00  0.000E+00  0.000E+00  0.000E+00  0.000E+00  0.000E+00  0.000E+00  0.000E+00  0.000E+00  0.000E+00  0.000E+00  0.000E+00  0.000E+00  0.000E+00  0.000E+00  0.000E+00  0.000E+00  0.000E+00  0.000E+00  0.000E+00  0.000E+00  0.000E+00  2.481E+08  5.187E+09  2.196E+11  3.629E+12  1.735E+13  4.028E+13  6.889E+13  9.827E+13  1.257E+14  1.505E+14  1.725E+14  1.921E+14  2.095E+14  2.249E+14  2.385E+14  2.506E+14  2.612E+14  2.704E+14  2.785E+14  2.854E+14  2.911E+14  2.962E+14  3.004E+14  3.042E+14  3.071E+14  3.094E+14  3.112E+14  3.127E+14  3.137E+14  3.145E+14  3.150E+14  3.153E+14  3.154E+14  3.153E+14  3.149E+14  3.143E+14  3.134E+14  3.123E+14  3.107E+14  3.087E+14  3.063E+14  3.032E+14  2.992E+14  2.948E+14  2.895E+14  2.835E+14  2.762E+14  2.678E+14  2.581E+14  2.471E+14  2.346E+14  2.204E+14  2.044E+14  1.864E+14  1.661E+14  1.432E+14  1.174E+14  8.937E+13  5.979E+13  3.235E+13  1.202E+13  1.740E+12  7.498E+10  1.648E+09  2.264E+06  0.000E+00  0.000E+00  0.000E+00  0.000E+00  0.000E+00
  465.0000  0.000E+00  0.000E+00  0.000E+00  0.000E+00  0.000E+00  0.000E+00  0.000E+00  0.000E+00  0.000E+00  0.000E+00  0.000E+00  0.000E+00  0.000E+00  0.000E+00  0.000E+00  0.000E+00  0.000E+00  0.000E+00  0.000E+00  0.000E+00  0.000E+00  0.000E+00  0.000E+00  2.553E+08  5.160E+09  2.179E+11  3.664E+12  1.754E+13  4.066E+13  6.932E+13  9.852E+13  1.256E+14  1.500E+14  1.716E+14  1.908E+14  2.078E+14  2.229E+14  2.362E+14  2.480E+14  2.583E+14  2.674E+14  2.752E+14  2.820E+14  2.875E+14  2.924E+14  2.965E+14  3.002E+14  3.030E+14  3.052E+14  3.070E+14  3.083E+14  3.094E+14  3.101E+14  3.106E+14  3.109E+14  3.110E+14  3.108E+14  3.105E+14  3.099E+14  3.091E+14  3.080E+14  3.065E+14  3.046E+14  3.022E+14  2.992E+14  2.954E+14  2.911E+14  2.859E+14  2.801E+14  2.730E+14  2.648E+14  2.553E+14  2.446E+14  2.324E+14  2.185E+14  2.029E+14  1.852E+14  1.653E+14  1.429E+14  1.174E+14  8.970E+13  6.023E+13  3.267E+13  1.215E+13  1.750E+12  7.410E+10  1.660E+09  2.578E+06  0.000E+00  0.000E+00  0.000E+00  0.000E+00  0.000E+00
  470.0000  0.000E+00  0.000E+00  0.000E+00  0.000E+00  0.000E+00  0.000E+00  0.000E+00  0.000E+00  0.000E+00  0.000E+00  0.000E+00  0.000E+00  0.000E+00  0.000E+00  0.000E+00  0.000E+00  0.000E+00  0.000E+00  0.000E+00  0.000E+00  0.000E+00  0.000E+00  0.000E+00  2.619E+08  5.132E+09  2.160E+11  3.700E+12  1.776E+13  4.117E+13  7.001E+13  9.917E+13  1.261E+14  1.502E+14  1.716E+14  1.905E+14  2.073E+14  2.221E+14  2.352E+14  2.468E+14  2.569E+14  2.658E+14  2.735E+14  2.802E+14  2.856E+14  2.904E+14  2.944E+14  2.980E+14  3.007E+14  3.028E+14  3.046E+14  3.059E+14  3.069E+14  3.076E+14  3.081E+14  3.083E+14  3.084E+14  3.083E+14  3.080E+14  3.074E+14  3.066E+14  3.055E+14  3.041E+14  3.023E+14  2.999E+14  2.970E+14  2.933E+14  2.890E+14  2.840E+14  2.783E+14  2.713E+14  2.633E+14  2.540E+14  2.434E+14  2.314E+14  2.178E+14  2.024E+14  1.850E+14  1.653E+14  1.431E+14  1.179E+14  9.038E+13  6.089E+13  3.309E+13  1.230E+13  1.759E+12  7.313E+10  1.677E+09  2.905E+06  0.000E+00  0.000E+00  0.000E+00  0.000E+00  0.000E+00
  475.0000  0.000E+00  0.000E+00  0.000E+00  0.000E+00  0.000E+00  0.000E+00  0.000E+00  0.000E+00  0.000E+00  0.000E+00  0.000E+00  0.000E+00  0.000E+00  0.000E+00  0.000E+00  0.000E+00  0.000E+00  0.000E+00  0.000E+00  0.000E+00  0.000E+00  0.000E+00  0.000E+00  2.713E+08  5.164E+09  2.166E+11  3.781E+12  1.822E+13  4.229E+13  7.178E+13  1.014E+14  1.285E+14  1.529E+14  1.743E+14  1.933E+14  2.101E+14  2.250E+14  2.381E+14  2.497E+14  2.599E+14  2.688E+14  2.765E+14  2.831E+14  2.885E+14  2.933E+14  2.973E+14  3.008E+14  3.035E+14  3.057E+14  3.074E+14  3.087E+14  3.097E+14  3.104E+14  3.108E+14  3.111E+14  3.112E+14  3.110E+14  3.107E+14  3.102E+14  3.094E+14  3.083E+14  3.069E+14  3.051E+14  3.028E+14  2.999E+14  2.962E+14  2.920E+14  2.869E+14  2.812E+14  2.743E+14  2.662E+14  2.570E+14  2.464E+14  2.343E+14  2.207E+14  2.052E+14  1.878E+14  1.681E+14  1.458E+14  1.203E+14  9.248E+13  6.247E+13  3.399E+13  1.262E+13  1.789E+12  7.298E+10  1.716E+09  3.280E+06  0.000E+00  0.000E+00  0.000E+00  0.000E+00  0.000E+00
  480.0000  0.000E+00  0.000E+00  0.000E+00  0.000E+00  0.000E+00  0.000E+00  0.000E+00  0.000E+00  0.000E+00  0.000E+00  0.000E+00  0.000E+00  0.000E+00  0.000E+00  0.000E+00  0.000E+00  0.000E+00  0.000E+00  0.000E+00  0.000E+00  0.000E+00  0.000E+00  0.000E+00  2.729E+08  5.099E+09  2.118E+11  3.789E+12  1.858E+13  4.350E+13  7.401E+13  1.045E+14  1.324E+14  1.573E+14  1.793E+14  1.987E+14  2.158E+14  2.310E+14  2.445E+14  2.563E+14  2.667E+14  2.757E+14  2.836E+14  2.904E+14  2.959E+14  3.008E+14  3.048E+14  3.084E+14  3.112E+14  3.134E+14  3.151E+14  3.164E+14  3.174E+14  3.181E+14  3.186E+14  3.188E+14  3.189E+14  3.188E+14  3.185E+14  3.179E+14  3.171E+14  3.160E+14  3.146E+14  3.128E+14  3.104E+14  3.075E+14  3.037E+14  2.994E+14  2.943E+14  2.885E+14  2.814E+14  2.731E+14  2.637E+14  2.529E+14  2.406E+14  2.266E+14  2.109E+14  1.930E+14  1.729E+14  1.500E+14  1.240E+14  9.534E+13  6.440E+13  3.490E+13  1.281E+13  1.776E+12  7.130E+10  1.746E+09  3.505E+06  0.000E+00  0.000E+00  0.000E+00  0.000E+00  0.000E+00
  485.0000  0.000E+00  0.000E+00  0.000E+00  0.000E+00  0.000E+00  0.000E+00  0.000E+00  0.000E+00  0.000E+00  0.000E+00  0.000E+00  0.000E+00  0.000E+00  0.000E+00  0.000E+00  0.000E+00  0.000E+00  0.000E+00  0.000E+00  0.000E+00  0.000E+00  0.000E+00  0.000E+00  2.531E+08  4.602E+09  1.902E+11  3.474E+12  1.711E+13  4.008E+13  6.805E+13  9.581E+13  1.211E+14  1.436E+14  1.634E+14  1.810E+14  1.964E+14  2.101E+14  2.222E+14  2.328E+14  2.422E+14  2.503E+14  2.574E+14  2.635E+14  2.684E+14  2.728E+14  2.764E+14  2.797E+14  2.821E+14  2.841E+14  2.856E+14  2.868E+14  2.876E+14  2.883E+14  2.887E+14  2.889E+14  2.890E+14  2.889E+14  2.886E+14  2.881E+14  2.874E+14  2.864E+14  2.852E+14  2.835E+14  2.814E+14  2.788E+14  2.754E+14  2.716E+14  2.670E+14  2.618E+14  2.554E+14  2.480E+14  2.395E+14  2.298E+14  2.187E+14  2.061E+14  1.919E+14  1.759E+14  1.577E+14  1.370E+14  1.135E+14  8.749E+13  5.926E+13  3.215E+13  1.179E+13  1.621E+12  6.361E+10  1.602E+09  3.519E+06  0.000E+00  0.000E+00  0.000E+00  0.000E+00  0.000E+00
  490.0000  0.000E+00  0.000E+00  0.000E+00  0.000E+00  0.000E+00  0.000E+00  0.000E+00  0.000E+00  0.000E+00  0.000E+00  0.000E+00  0.000E+00  0.000E+00  0.000E+00  0.000E+00  0.000E+00  0.000E+00  0.000E+00  0.000E+00  0.000E+00  0.000E+00  0.000E+00  0.000E+00  2.734E+08  4.825E+09  1.993E+11  3.701E+12  1.819E+13  4.253E+13  7.196E+13  1.010E+14  1.272E+14  1.506E+14  1.711E+14  1.892E+14  2.051E+14  2.193E+14  2.317E+14  2.427E+14  2.523E+14  2.607E+14  2.680E+14  2.743E+14  2.794E+14  2.839E+14  2.876E+14  2.909E+14  2.934E+14  2.954E+14  2.969E+14  2.981E+14  2.990E+14  2.997E+14  3.001E+14  3.003E+14  3.004E+14  3.003E+14  3.000E+14  2.995E+14  2.988E+14  2.978E+14  2.965E+14  2.948E+14  2.927E+14  2.901E+14  2.865E+14  2.826E+14  2.779E+14  2.725E+14  2.659E+14  2.583E+14  2.496E+14  2.395E+14  2.281E+14  2.152E+14  2.005E+14  1.839E+14  1.651E+14  1.438E+14  1.193E+14  9.229E+13  6.274E+13  3.415E+13  1.255E+13  1.722E+12  6.641E+10  1.701E+09  4.133E+06  0.000E+00  0.000E+00  0.000E+00  0.000E+00  0.000E+00
  495.0000  0.000E+00  0.000E+00  0.000E+00  0.000E+00  0.000E+00  0.000E+00  0.000E+00  0.000E+00  0.000E+00  0.000E+00  0.000E+00  0.000E+00  0.000E+00  0.000E+00  0.000E+00  0.000E+00  0.000E+00  0.000E+00  0.000E+00  0.000E+00  0.000E+00  0.000E+00  0.000E+00  2.824E+08  4.864E+09  1.999E+11  3.790E+12  1.872E+13  4.382E+13  7.404E+13  1.036E+14  1.303E+14  1.540E+14  1.748E+14  1.931E+14  2.092E+14  2.235E+14  2.361E+14  2.472E+14  2.569E+14  2.654E+14  2.728E+14  2.791E+14  2.842E+14  2.887E+14  2.925E+14  2.958E+14  2.983E+14  3.003E+14  3.019E+14  3.031E+14  3.039E+14  3.046E+14  3.050E+14  3.052E+14  3.053E+14  3.052E+14  3.049E+14  3.044E+14  3.037E+14  3.027E+14  3.014E+14  2.998E+14  2.976E+14  2.950E+14  2.914E+14  2.875E+14  2.827E+14  2.773E+14  2.707E+14  2.630E+14  2.541E+14  2.440E+14  2.325E+14  2.194E+14  2.045E+14  1.877E+14  1.687E+14  1.471E+14  1.223E+14  9.480E+13  6.459E+13  3.518E+13  1.290E+13  1.754E+12  6.627E+10  1.746E+09  4.580E+06  0.000E+00  0.000E+00  0.000E+00  0.000E+00  0.000E+00
  500.0000  0.000E+00  0.000E+00  0.000E+00  0.000E+00  0.000E+00  0.000E+00  0.000E+00  0.000E+00  0.000E+00  0.000E+00  0.000E+00  0.000E+00  0.000E+00  0.000E+00  0.000E+00  0.000E+00  0.000E+00  0.000E+00  0.000E+00  0.000E+00  0.000E+00  0.000E+00  0.000E+00  2.607E+08  4.436E+09  1.802E+11  3.503E+12  1.762E+13  4.165E+13  7.055E+13  9.877E+13  1.242E+14  1.467E+14  1.664E+14  1.838E+14  1.991E+14  2.127E+14  2.246E+14  2.352E+14  2.444E+14  2.524E+14  2.594E+14  2.654E+14  2.703E+14  2.746E+14  2.781E+14  2.813E+14  2.837E+14  2.855E+14  2.870E+14  2.881E+14  2.890E+14  2.896E+14  2.899E+14  2.902E+14  2.902E+14  2.901E+14  2.898E+14  2.894E+14  2.887E+14  2.878E+14  2.866E+14  2.850E+14  2.830E+14  2.805E+14  2.771E+14  2.734E+14  2.689E+14  2.637E+14  2.574E+14  2.501E+14  2.417E+14  2.321E+14  2.212E+14  2.087E+14  1.947E+14  1.787E+14  1.607E+14  1.401E+14  1.165E+14  9.035E+13  6.153E+13  3.336E+13  1.209E+13  1.607E+12  5.955E+10  1.643E+09  4.429E+06  0.000E+00  0.000E+00  0.000E+00  0.000E+00  0.000E+00
  505.0000  0.000E+00  0.000E+00  0.000E+00  0.000E+00  0.000E+00  0.000E+00  0.000E+00  0.000E+00  0.000E+00  0.000E+00  0.000E+00  0.000E+00  0.000E+00  0.000E+00  0.000E+00  0.000E+00  0.000E+00  0.000E+00  0.000E+00  0.000E+00  0.000E+00  0.000E+00  0.000E+00  2.502E+08  4.240E+09  1.692E+11  3.384E+12  1.745E+13  4.182E+13  7.118E+13  9.982E+13  1.256E+14  1.484E+14  1.683E+14  1.859E+14  2.015E+14  2.152E+14  2.273E+14  2.380E+14  2.474E+14  2.555E+14  2.626E+14  2.687E+14  2.736E+14  2.780E+14  2.815E+14  2.848E+14  2.871E+14  2.890E+14  2.905E+14  2.917E+14  2.925E+14  2.931E+14  2.935E+14  2.937E+14  2.938E+14  2.937E+14  2.934E+14  2.929E+14  2.923E+14  2.914E+14  2.901E+14  2.885E+14  2.865E+14  2.839E+14  2.805E+14  2.767E+14  2.722E+14  2.670E+14  2.606E+14  2.532E+14  2.447E+14  2.349E+14  2.238E+14  2.112E+14  1.970E+14  1.808E+14  1.626E+14  1.417E+14  1.178E+14  9.128E+13  6.202E+13  3.340E+13  1.189E+13  1.536E+12  5.600E+10  1.629E+09  4.389E+06  0.000E+00  0.000E+00  0.000E+00  0.000E+00  0.000E+00
  510.0000  0.000E+00  0.000E+00  0.000E+00  0.000E+00  0.000E+00  0.000E+00  0.000E+00  0.000E+00  0.000E+00  0.000E+00  0.000E+00  0.000E+00  0.000E+00  0.000E+00  0.000E+00  0.000E+00  0.000E+00  0.000E+00  0.000E+00  0.000E+00  0.000E+00  0.000E+00  0.000E+00  2.571E+08  4.237E+09  1.689E+11  3.439E+12  1.767E+13  4.222E+13  7.160E+13  1.000E+14  1.255E+14  1.480E+14  1.676E+14  1.850E+14  2.003E+14  2.138E+14  2.258E+14  2.363E+14  2.455E+14  2.535E+14  2.604E+14  2.664E+14  2.713E+14  2.755E+14  2.790E+14  2.822E+14  2.845E+14  2.863E+14  2.878E+14  2.889E+14  2.897E+14  2.903E+14  2.907E+14  2.909E+14  2.909E+14  2.908E+14  2.906E+14  2.901E+14  2.895E+14  2.886E+14  2.874E+14  2.858E+14  2.838E+14  2.813E+14  2.780E+14  2.743E+14  2.698E+14  2.647E+14  2.585E+14  2.512E+14  2.428E+14  2.332E+14  2.223E+14  2.099E+14  1.959E+14  1.800E+14  1.620E+14  1.415E+14  1.178E+14  9.158E+13  6.245E+13  3.375E+13  1.206E+13  1.557E+12  5.554E+10  1.646E+09  4.857E+06  0.000E+00  0.000E+00  0.000E+00  0.000E+00  0.000E+00
  515.0000  0.000E+00  0.000E+00  0.000E+00  0.000E+00  0.000E+00  0.000E+00  0.000E+00  0.000E+00  0.000E+00  0.000E+00  0.000E+00  0.000E+00  0.000E+00  0.000E+00  0.000E+00  0.000E+00  0.000E+00  0.000E+00  0.000E+00  0.000E+00  0.000E+00  0.000E+00  0.000E+00  2.418E+08  3.900E+09  1.548E+11  3.213E+12  1.655E+13  3.957E+13  6.698E+13  9.338E+13  1.169E+14  1.377E+14  1.558E+14  1.718E+14  1.859E+14  1.984E+14  2.093E+14  2.190E+14  2.275E+14  2.349E+14  2.413E+14  2.468E+14  2.512E+14  2.551E+14  2.584E+14  2.613E+14  2.634E+14  2.651E+14  2.664E+14  2.674E+14  2.682E+14  2.687E+14  2.690E+14  2.692E+14  2.693E+14  2.692E+14  2.690E+14  2.685E+14  2.680E+14  2.671E+14  2.661E+14  2.646E+14  2.628E+14  2.605E+14  2.575E+14  2.540E+14  2.499E+14  2.452E+14  2.395E+14  2.328E+14  2.251E+14  2.162E+14  2.062E+14  1.948E+14  1.818E+14  1.672E+14  1.506E+14  1.317E+14  1.098E+14  8.553E+13  5.847E+13  3.164E+13  1.129E+13  1.450E+12  5.070E+10  1.540E+09  4.859E+06  0.000E+00  0.000E+00  0.000E+00  0.000E+00  0.000E+00
  520.0000  0.000E+00  0.000E+00  0.000E+00  0.000E+00  0.000E+00  0.000E+00  0.000E+00  0.000E+00  0.000E+00  0.000E+00  0.000E+00  0.000E+00  0.000E+00  0.000E+00  0.000E+00  0.000E+00  0.000E+00  0.000E+00  0.000E+00  0.000E+00  0.000E+00  0.000E+00  0.000E+00  2.461E+08  3.915E+09  1.539E+11  3.267E+12  1.698E+13  4.080E+13  6.908E+13  9.622E+13  1.204E+14  1.416E+14  1.602E+14  1.766E+14  1.910E+14  2.037E+14  2.150E+14  2.249E+14  2.336E+14  2.411E+14  2.477E+14  2.533E+14  2.579E+14  2.618E+14  2.651E+14  2.681E+14  2.703E+14  2.720E+14  2.734E+14  2.744E+14  2.751E+14  2.756E+14  2.760E+14  2.762E+14  2.762E+14  2.761E+14  2.759E+14  2.755E+14  2.749E+14  2.741E+14  2.730E+14  2.715E+14  2.697E+14  2.673E+14  2.642E+14  2.607E+14  2.565E+14  2.517E+14  2.458E+14  2.390E+14  2.311E+14  2.220E+14  2.117E+14  2.001E+14  1.868E+14  1.718E+14  1.548E+14  1.355E+14  1.131E+14  8.817E+13  6.032E+13  3.260E+13  1.156E+13  1.466E+12  5.020E+10  1.582E+09  5.193E+06  0.000E+00  0.000E+00  0.000E+00  0.000E+00  0.000E+00
  525.0000  0.000E+00  0.000E+00  0.000E+00  0.000E+00  0.000E+00  0.000E+00  0.000E+00  0.000E+00  0.000E+00  0.000E+00  0.000E+00  0.000E+00  0.000E+00  0.000E+00  0.000E+00  0.000E+00  0.000E+00  0.000E+00  0.000E+00  0.000E+00  0.000E+00  0.000E+00  0.000E+00  2.348E+08  3.731E+09  1.439E+11  3.140E+12  1.667E+13  4.052E+13  6.888E+13  9.607E+13  1.202E+14  1.415E+14  1.601E+14  1.765E+14  1.909E+14  2.037E+14  2.150E+14  2.249E+14  2.336E+14  2.412E+14  2.477E+14  2.533E+14  2.579E+14  2.619E+14  2.652E+14  2.682E+14  2.704E+14  2.721E+14  2.735E+14  2.745E+14  2.752E+14  2.758E+14  2.761E+14  2.763E+14  2.764E+14  2.763E+14  2.760E+14  2.756E+14  2.750E+14  2.742E+14  2.731E+14  2.716E+14  2.698E+14  2.674E+14  2.643E+14  2.608E+14  2.566E+14  2.518E+14  2.459E+14  2.390E+14  2.311E+14  2.220E+14  2.117E+14  2.000E+14  1.868E+14  1.718E+14  1.547E+14  1.353E+14  1.130E+14  8.800E+13  6.009E+13  3.229E+13  1.128E+13  1.396E+12  4.686E+10  1.557E+09  5.094E+06  0.000E+00  0.000E+00  0.000E+00  0.000E+00  0.000E+00
  530.0000  0.000E+00  0.000E+00  0.000E+00  0.000E+00  0.000E+00  0.000E+00  0.000E+00  0.000E+00  0.000E+00  0.000E+00  0.000E+00  0.000E+00  0.000E+00  0.000E+00  0.000E+00  0.000E+00  0.000E+00  0.000E+00  0.000E+00  0.000E+00  0.000E+00  0.000E+00  0.000E+00  2.285E+08  3.669E+09  1.378E+11  3.098E+12  1.693E+13  4.184E+13  7.160E+13  1.002E+14  1.256E+14  1.480E+14  1.674E+14  1.848E+14  2.000E+14  2.134E+14  2.253E+14  2.357E+14  2.449E+14  2.529E+14  2.598E+14  2.658E+14  2.706E+14  2.748E+14  2.783E+14  2.814E+14  2.837E+14  2.856E+14  2.870E+14  2.881E+14  2.889E+14  2.894E+14  2.898E+14  2.900E+14  2.900E+14  2.899E+14  2.897E+14  2.893E+14  2.887E+14  2.878E+14  2.866E+14  2.851E+14  2.831E+14  2.806E+14  2.773E+14  2.736E+14  2.692E+14  2.641E+14  2.579E+14  2.506E+14  2.423E+14  2.327E+14  2.219E+14  2.095E+14  1.956E+14  1.798E+14  1.619E+14  1.415E+14  1.179E+14  9.169E+13  6.238E+13  3.322E+13  1.137E+13  1.362E+12  4.482E+10  1.593E+09  5.020E+06  0.000E+00  0.000E+00  0.000E+00  0.000E+00  0.000E+00
  535.0000  0.000E+00  0.000E+00  0.000E+00  0.000E+00  0.000E+00  0.000E+00  0.000E+00  0.000E+00  0.000E+00  0.000E+00  0.000E+00  0.000E+00  0.000E+00  0.000E+00  0.000E+00  0.000E+00  0.000E+00  0.000E+00  0.000E+00  0.000E+00  0.000E+00  0.000E+00  0.000E+00  2.170E+08  3.463E+09  1.283E+11  2.950E+12  1.629E+13  4.052E+13  6.941E+13  9.707E+13  1.216E+14  1.433E+14  1.621E+14  1.788E+14  1.935E+14  2.065E+14  2.180E+14  2.281E+14  2.370E+14  2.447E+14  2.514E+14  2.571E+14  2.618E+14  2.659E+14  2.692E+14  2.722E+14  2.745E+14  2.762E+14  2.776E+14  2.786E+14  2.794E+14  2.800E+14  2.803E+14  2.805E+14  2.805E+14  2.805E+14  2.802E+14  2.798E+14  2.792E+14  2.784E+14  2.772E+14  2.757E+14  2.738E+14  2.715E+14  2.683E+14  2.647E+14  2.604E+14  2.555E+14  2.495E+14  2.425E+14  2.344E+14  2.252E+14  2.147E+14  2.028E+14  1.893E+14  1.740E+14  1.567E+14  1.370E+14  1.143E+14  8.887E+13  6.046E+13  3.213E+13  1.091E+13  1.290E+12  4.168E+10  1.538E+09  4.957E+06  0.000E+00  0.000E+00  0.000E+00  0.000E+00  0.000E+00
  540.0000  0.000E+00  0.000E+00  0.000E+00  0.000E+00  0.000E+00  0.000E+00  0.000E+00  0.000E+00  0.000E+00  0.000E+00  0.000E+00  0.000E+00  0.000E+00  0.000E+00  0.000E+00  0.000E+00  0.000E+00  0.000E+00  0.000E+00  0.000E+00  0.000E+00  0.000E+00  0.000E+00  2.195E+08  3.446E+09  1.270E+11  2.975E+12  1.645E+13  4.093E+13  6.998E+13  9.768E+13  1.222E+14  1.438E+14  1.628E+14  1.792E+14  1.939E+14  2.068E+14  2.182E+14  2.283E+14  2.371E+14  2.448E+14  2.515E+14  2.572E+14  2.619E+14  2.659E+14  2.693E+14  2.723E+14  2.745E+14  2.762E+14  2.776E+14  2.786E+14  2.794E+14  2.799E+14  2.803E+14  2.805E+14  2.805E+14  2.804E+14  2.802E+14  2.798E+14  2.792E+14  2.784E+14  2.772E+14  2.757E+14  2.739E+14  2.715E+14  2.683E+14  2.648E+14  2.605E+14  2.556E+14  2.496E+14  2.426E+14  2.346E+14  2.254E+14  2.149E+14  2.031E+14  1.896E+14  1.744E+14  1.572E+14  1.375E+14  1.148E+14  8.947E+13  6.100E+13  3.246E+13  1.101E+13  1.297E+12  4.097E+10  1.553E+09  5.284E+06  0.000E+00  0.000E+00  0.000E+00  0.000E+00  0.000E+00
  545.0000  0.000E+00  0.000E+00  0.000E+00  0.000E+00  0.000E+00  0.000E+00  0.000E+00  0.000E+00  0.000E+00  0.000E+00  0.000E+00  0.000E+00  0.000E+00  0.000E+00  0.000E+00  0.000E+00  0.000E+00  0.000E+00  0.000E+00  0.000E+00  0.000E+00  0.000E+00  0.000E+00  2.163E+08  3.390E+09  1.228E+11  2.947E+12  1.650E+13  4.136E+13  7.086E+13  9.892E+13  1.238E+14  1.456E+14  1.648E+14  1.815E+14  1.963E+14  2.094E+14  2.210E+14  2.312E+14  2.401E+14  2.479E+14  2.547E+14  2.605E+14  2.652E+14  2.693E+14  2.727E+14  2.757E+14  2.780E+14  2.798E+14  2.812E+14  2.822E+14  2.829E+14  2.835E+14  2.838E+14  2.840E+14  2.841E+14  2.840E+14  2.837E+14  2.833E+14  2.827E+14  2.819E+14  2.808E+14  2.793E+14  2.774E+14  2.750E+14  2.718E+14  2.682E+14  2.638E+14  2.588E+14  2.528E+14  2.457E+14  2.376E+14  2.282E+14  2.176E+14  2.056E+14  1.920E+14  1.766E+14  1.591E+14  1.393E+14  1.163E+14  9.061E+13  6.174E+13  3.276E+13  1.100E+13  1.278E+12  3.955E+10  1.564E+09  5.374E+06  0.000E+00  0.000E+00  0.000E+00  0.000E+00  0.000E+00
  550.0000  0.000E+00  0.000E+00  0.000E+00  0.000E+00  0.000E+00  0.000E+00  0.000E+00  0.000E+00  0.000E+00  0.000E+00  0.000E+00  0.000E+00  0.000E+00  0.000E+00  0.000E+00  0.000E+00  0.000E+00  0.000E+00  0.000E+00  0.000E+00  0.000E+00  0.000E+00  0.000E+00  2.136E+08  3.328E+09  1.190E+11  2.918E+12  1.647E+13  4.149E+13  7.112E+13  9.926E+13  1.241E+14  1.460E+14  1.652E+14  1.819E+14  1.967E+14  2.098E+14  2.214E+14  2.316E+14  2.406E+14  2.484E+14  2.551E+14  2.609E+14  2.656E+14  2.698E+14  2.732E+14  2.762E+14  2.784E+14  2.802E+14  2.816E+14  2.826E+14  2.834E+14  2.839E+14  2.843E+14  2.845E+14  2.845E+14  2.844E+14  2.842E+14  2.838E+14  2.832E+14  2.823E+14  2.812E+14  2.797E+14  2.778E+14  2.754E+14  2.722E+14  2.686E+14  2.643E+14  2.593E+14  2.532E+14  2.461E+14  2.380E+14  2.287E+14  2.180E+14  2.060E+14  1.924E+14  1.770E+14  1.595E+14  1.396E+14  1.166E+14  9.093E+13  6.198E+13  3.283E+13  1.096E+13  1.260E+12  3.816E+10  1.567E+09  5.504E+06  0.000E+00  0.000E+00  0.000E+00  0.000E+00  0.000E+00
  555.0000  0.000E+00  0.000E+00  0.000E+00  0.000E+00  0.000E+00  0.000E+00  0.000E+00  0.000E+00  0.000E+00  0.000E+00  0.000E+00  0.000E+00  0.000E+00  0.000E+00  0.000E+00  0.000E+00  0.000E+00  0.000E+00  0.000E+00  0.000E+00  0.000E+00  0.000E+00  0.000E+00  2.086E+08  3.218E+09  1.133E+11  2.858E+12  1.626E+13  4.117E+13  7.059E+13  9.843E+13  1.230E+14  1.446E+14  1.635E+14  1.800E+14  1.947E+14  2.076E+14  2.191E+14  2.291E+14  2.380E+14  2.457E+14  2.524E+14  2.581E+14  2.628E+14  2.669E+14  2.702E+14  2.732E+14  2.754E+14  2.772E+14  2.785E+14  2.796E+14  2.803E+14  2.808E+14  2.812E+14  2.814E+14  2.814E+14  2.813E+14  2.811E+14  2.807E+14  2.801E+14  2.793E+14  2.782E+14  2.767E+14  2.748E+14  2.724E+14  2.693E+14  2.657E+14  2.614E+14  2.565E+14  2.505E+14  2.435E+14  2.355E+14  2.262E+14  2.157E+14  2.039E+14  1.904E+14  1.752E+14  1.580E+14  1.383E+14  1.156E+14  9.020E+13  6.152E+13  3.255E+13  1.079E+13  1.228E+12  3.613E+10  1.552E+09  5.642E+06  0.000E+00  0.000E+00  0.000E+00  0.000E+00  0.000E+00
  560.0000  0.000E+00  0.000E+00  0.000E+00  0.000E+00  0.000E+00  0.000E+00  0.000E+00  0.000E+00  0.000E+00  0.000E+00  0.000E+00  0.000E+00  0.000E+00  0.000E+00  0.000E+00  0.000E+00  0.000E+00  0.000E+00  0.000E+00  0.000E+00  0.000E+00  0.000E+00  0.000E+00  1.908E+08  2.992E+09  1.023E+11  2.648E+12  1.540E+13  3.949E+13  6.806E+13  9.514E+13  1.190E+14  1.401E+14  1.585E+14  1.746E+14  1.889E+14  2.015E+14  2.127E+14  2.225E+14  2.312E+14  2.387E+14  2.453E+14  2.509E+14  2.554E+14  2.594E+14  2.627E+14  2.656E+14  2.678E+14  2.695E+14  2.708E+14  2.718E+14  2.726E+14  2.731E+14  2.734E+14  2.736E+14  2.737E+14  2.736E+14  2.733E+14  2.729E+14  2.724E+14  2.715E+14  2.705E+14  2.690E+14  2.672E+14  2.649E+14  2.618E+14  2.583E+14  2.541E+14  2.493E+14  2.434E+14  2.366E+14  2.287E+14  2.197E+14  2.095E+14  1.978E+14  1.847E+14  1.699E+14  1.531E+14  1.340E+14  1.119E+14  8.713E+13  5.925E+13  3.114E+13  1.015E+13  1.129E+12  3.265E+10  1.484E+09  5.215E+06  0.000E+00  0.000E+00  0.000E+00  0.000E+00  0.000E+00
  565.0000  0.000E+00  0.000E+00  0.000E+00  0.000E+00  0.000E+00  0.000E+00  0.000E+00  0.000E+00  0.000E+00  0.000E+00  0.000E+00  0.000E+00  0.000E+00  0.000E+00  0.000E+00  0.000E+00  0.000E+00  0.000E+00  0.000E+00  0.000E+00  0.000E+00  0.000E+00  0.000E+00  1.780E+08  2.852E+09  9.438E+10  2.508E+12  1.493E+13  3.883E+13  6.731E+13  9.435E+13  1.182E+14  1.393E+14  1.578E+14  1.739E+14  1.882E+14  2.009E+14  2.121E+14  2.220E+14  2.307E+14  2.382E+14  2.448E+14  2.504E+14  2.550E+14  2.590E+14  2.623E+14  2.653E+14  2.674E+14  2.692E+14  2.705E+14  2.716E+14  2.723E+14  2.728E+14  2.731E+14  2.733E+14  2.734E+14  2.733E+14  2.731E+14  2.727E+14  2.721E+14  2.713E+14  2.702E+14  2.687E+14  2.669E+14  2.645E+14  2.614E+14  2.579E+14  2.537E+14  2.488E+14  2.429E+14  2.361E+14  2.282E+14  2.191E+14  2.088E+14  1.972E+14  1.840E+14  1.692E+14  1.523E+14  1.332E+14  1.111E+14  8.635E+13  5.852E+13  3.052E+13  9.777E+12  1.061E+12  3.015E+10  1.455E+09  4.896E+06  0.000E+00  0.000E+00  0.000E+00  0.000E+00  0.000E+00
  570.0000  0.000E+00  0.000E+00  0.000E+00  0.000E+00  0.000E+00  0.000E+00  0.000E+00  0.000E+00  0.000E+00  0.000E+00  0.000E+00  0.000E+00  0.000E+00  0.000E+00  0.000E+00  0.000E+00  0.000E+00  0.000E+00  0.000E+00  0.000E+00  0.000E+00  0.000E+00  0.000E+00  1.700E+08  2.751E+09  8.893E+10  2.418E+12  1.459E+13  3.828E+13  6.655E+13  9.339E+13  1.171E+14  1.380E+14  1.564E+14  1.724E+14  1.866E+14  1.992E+14  2.103E+14  2.202E+14  2.288E+14  2.364E+14  2.429E+14  2.485E+14  2.531E+14  2.571E+14  2.603E+14  2.633E+14  2.655E+14  2.672E+14  2.685E+14  2.695E+14  2.703E+14  2.708E+14  2.711E+14  2.713E+14  2.714E+14  2.713E+14  2.710E+14  2.707E+14  2.701E+14  2.693E+14  2.682E+14  2.667E+14  2.649E+14  2.625E+14  2.594E+14  2.559E+14  2.518E+14  2.469E+14  2.410E+14  2.342E+14  2.263E+14  2.173E+14  2.071E+14  1.955E+14  1.825E+14  1.677E+14  1.509E+14  1.319E+14  1.100E+14  8.544E+13  5.782E+13  3.004E+13  9.515E+12  1.018E+12  2.831E+10  1.434E+09  4.769E+06  0.000E+00  0.000E+00  0.000E+00  0.000E+00  0.000E+00
  575.0000  0.000E+00  0.000E+00  0.000E+00  0.000E+00  0.000E+00  0.000E+00  0.000E+00  0.000E+00  0.000E+00  0.000E+00  0.000E+00  0.000E+00  0.000E+00  0.000E+00  0.000E+00  0.000E+00  0.000E+00  0.000E+00  0.000E+00  0.000E+00  0.000E+00  0.000E+00  0.000E+00  1.713E+08  2.764E+09  8.824E+10  2.445E+12  1.481E+13  3.900E+13  6.778E+13  9.506E+13  1.192E+14  1.403E+14  1.590E+14  1.752E+14  1.897E+14  2.025E+14  2.138E+14  2.238E+14  2.326E+14  2.402E+14  2.469E+14  2.526E+14  2.572E+14  2.613E+14  2.646E+14  2.676E+14  2.698E+14  2.716E+14  2.729E+14  2.739E+14  2.747E+14  2.752E+14  2.755E+14  2.757E+14  2.758E+14  2.757E+14  2.755E+14  2.751E+14  2.745E+14  2.736E+14  2.725E+14  2.711E+14  2.692E+14  2.668E+14  2.637E+14  2.601E+14  2.559E+14  2.509E+14  2.450E+14  2.380E+14  2.300E+14  2.209E+14  2.105E+14  1.987E+14  1.855E+14  1.705E+14  1.535E+14  1.342E+14  1.119E+14  8.699E+13  5.890E+13  3.058E+13  9.645E+12  1.027E+12  2.798E+10  1.461E+09  4.968E+06  0.000E+00  0.000E+00  0.000E+00  0.000E+00  0.000E+00
  580.0000  0.000E+00  0.000E+00  0.000E+00  0.000E+00  0.000E+00  0.000E+00  0.000E+00  0.000E+00  0.000E+00  0.000E+00  0.000E+00  0.000E+00  0.000E+00  0.000E+00  0.000E+00  0.000E+00  0.000E+00  0.000E+00  0.000E+00  0.000E+00  0.000E+00  0.000E+00  0.000E+00  1.783E+08  2.785E+09  8.996E+10  2.523E+12  1.505E+13  3.928E+13  6.783E+13  9.470E+13  1.184E+14  1.391E+14  1.573E+14  1.733E+14  1.874E+14  1.999E+14  2.110E+14  2.208E+14  2.294E+14  2.369E+14  2.434E+14  2.489E+14  2.535E+14  2.574E+14  2.607E+14  2.636E+14  2.658E+14  2.675E+14  2.688E+14  2.698E+14  2.705E+14  2.710E+14  2.713E+14  2.715E+14  2.716E+14  2.715E+14  2.713E+14  2.709E+14  2.703E+14  2.695E+14  2.684E+14  2.670E+14  2.652E+14  2.629E+14  2.598E+14  2.563E+14  2.522E+14  2.474E+14  2.415E+14  2.347E+14  2.269E+14  2.180E+14  2.078E+14  1.963E+14  1.833E+14  1.686E+14  1.520E+14  1.331E+14  1.112E+14  8.677E+13  5.905E+13  3.088E+13  9.835E+12  1.064E+12  2.821E+10  1.474E+09  5.521E+06  0.000E+00  0.000E+00  0.000E+00  0.000E+00  0.000E+00
  585.0000  0.000E+00  0.000E+00  0.000E+00  0.000E+00  0.000E+00  0.000E+00  0.000E+00  0.000E+00  0.000E+00  0.000E+00  0.000E+00  0.000E+00  0.000E+00  0.000E+00  0.000E+00  0.000E+00  0.000E+00  0.000E+00  0.000E+00  0.000E+00  0.000E+00  0.000E+00  0.000E+00  1.896E+08  2.862E+09  9.377E+10  2.656E+12  1.558E+13  4.028E+13  6.909E+13  9.602E+13  1.196E+14  1.403E+14  1.584E+14  1.743E+14  1.884E+14  2.009E+14  2.119E+14  2.216E+14  2.302E+14  2.376E+14  2.441E+14  2.496E+14  2.541E+14  2.581E+14  2.613E+14  2.642E+14  2.663E+14  2.680E+14  2.693E+14  2.703E+14  2.710E+14  2.715E+14  2.718E+14  2.720E+14  2.721E+14  2.720E+14  2.718E+14  2.714E+14  2.708E+14  2.700E+14  2.689E+14  2.676E+14  2.657E+14  2.635E+14  2.604E+14  2.570E+14  2.528E+14  2.481E+14  2.422E+14  2.355E+14  2.277E+14  2.188E+14  2.087E+14  1.972E+14  1.843E+14  1.697E+14  1.531E+14  1.343E+14  1.125E+14  8.808E+13  6.025E+13  3.175E+13  1.022E+13  1.126E+12  2.910E+10  1.515E+09  6.265E+06  0.000E+00  0.000E+00  0.000E+00  0.000E+00  0.000E+00
  590.0000  0.000E+00  0.000E+00  0.000E+00  0.000E+00  0.000E+00  0.000E+00  0.000E+00  0.000E+00  0.000E+00  0.000E+00  0.000E+00  0.000E+00  0.000E+00  0.000E+00  0.000E+00  0.000E+00  0.000E+00  0.000E+00  0.000E+00  0.000E+00  0.000E+00  0.000E+00  0.000E+00  1.868E+08  2.775E+09  9.089E+10  2.612E+12  1.524E+13  3.931E+13  6.723E+13  9.322E+13  1.160E+14  1.359E+14  1.533E+14  1.686E+14  1.821E+14  1.941E+14  2.047E+14  2.141E+14  2.223E+14  2.295E+14  2.357E+14  2.410E+14  2.454E+14  2.491E+14  2.522E+14  2.550E+14  2.571E+14  2.587E+14  2.600E+14  2.609E+14  2.616E+14  2.621E+14  2.624E+14  2.626E+14  2.626E+14  2.625E+14  2.623E+14  2.620E+14  2.614E+14  2.607E+14  2.596E+14  2.583E+14  2.565E+14  2.543E+14  2.514E+14  2.481E+14  2.441E+14  2.395E+14  2.339E+14  2.274E+14  2.199E+14  2.114E+14  2.016E+14  1.906E+14  1.782E+14  1.641E+14  1.482E+14  1.301E+14  1.091E+14  8.556E+13  5.868E+13  3.101E+13  1.001E+13  1.109E+12  2.791E+10  1.480E+09  6.458E+06  0.000E+00  0.000E+00  0.000E+00  0.000E+00  0.000E+00
  595.0000  0.000E+00  0.000E+00  0.000E+00  0.000E+00  0.000E+00  0.000E+00  0.000E+00  0.000E+00  0.000E+00  0.000E+00  0.000E+00  0.000E+00  0.000E+00  0.000E+00  0.000E+00  0.000E+00  0.000E+00  0.000E+00  0.000E+00  0.000E+00  0.000E+00  0.000E+00  0.000E+00  1.825E+08  2.748E+09  8.789E+10  2.581E+12  1.526E+13  3.970E+13  6.810E+13  9.457E+13  1.177E+14  1.381E+14  1.558E+14  1.714E+14  1.852E+14  1.974E+14  2.083E+14  2.179E+14  2.263E+14  2.336E+14  2.400E+14  2.454E+14  2.499E+14  2.537E+14  2.569E+14  2.598E+14  2.619E+14  2.635E+14  2.648E+14  2.658E+14  2.665E+14  2.670E+14  2.673E+14  2.675E+14  2.675E+14  2.674E+14  2.672E+14  2.669E+14  2.663E+14  2.655E+14  2.645E+14  2.631E+14  2.613E+14  2.591E+14  2.560E+14  2.527E+14  2.486E+14  2.439E+14  2.382E+14  2.315E+14  2.238E+14  2.151E+14  2.052E+14  1.939E+14  1.812E+14  1.669E+14  1.506E+14  1.322E+14  1.108E+14  8.677E+13  5.940E+13  3.126E+13  9.977E+12  1.091E+12  2.691E+10  1.494E+09  6.394E+06  0.000E+00  0.000E+00  0.000E+00  0.000E+00  0.000E+00
  600.0000  0.000E+00  0.000E+00  0.000E+00  0.000E+00  0.000E+00  0.000E+00  0.000E+00  0.000E+00  0.000E+00  0.000E+00  0.000E+00  0.000E+00  0.000E+00  0.000E+00  0.000E+00  0.000E+00  0.000E+00  0.000E+00  0.000E+00  0.000E+00  0.000E+00  0.000E+00  0.000E+00  1.670E+08  2.579E+09  7.980E+10  2.400E+12  1.446E+13  3.809E+13  6.568E+13  9.144E+13  1.140E+14  1.339E+14  1.512E+14  1.664E+14  1.799E+14  1.919E+14  2.025E+14  2.119E+14  2.201E+14  2.273E+14  2.336E+14  2.389E+14  2.433E+14  2.471E+14  2.502E+14  2.530E+14  2.551E+14  2.567E+14  2.580E+14  2.589E+14  2.596E+14  2.602E+14  2.605E+14  2.606E+14  2.607E+14  2.606E+14  2.604E+14  2.600E+14  2.595E+14  2.587E+14  2.576E+14  2.563E+14  2.545E+14  2.523E+14  2.493E+14  2.460E+14  2.420E+14  2.374E+14  2.318E+14  2.253E+14  2.178E+14  2.092E+14  1.995E+14  1.884E+14  1.760E+14  1.620E+14  1.461E+14  1.281E+14  1.072E+14  8.384E+13  5.722E+13  2.992E+13  9.402E+12  1.010E+12  2.439E+10  1.432E+09  5.870E+06  0.000E+00  0.000E+00  0.000E+00  0.000E+00  0.000E+00
  605.0000  0.000E+00  0.000E+00  0.000E+00  0.000E+00  0.000E+00  0.000E+00  0.000E+00  0.000E+00  0.000E+00  0.000E+00  0.000E+00  0.000E+00  0.000E+00  0.000E+00  0.000E+00  0.000E+00  0.000E+00  0.000E+00  0.000E+00  0.000E+00  0.000E+00  0.000E+00  0.000E+00  1.712E+08  2.612E+09  8.071E+10  2.460E+12  1.477E+13  3.886E+13  6.685E+13  9.291E+13  1.157E+14  1.358E+14  1.532E+14  1.686E+14  1.823E+14  1.943E+14  2.051E+14  2.145E+14  2.228E+14  2.301E+14  2.364E+14  2.418E+14  2.462E+14  2.501E+14  2.532E+14  2.561E+14  2.582E+14  2.598E+14  2.611E+14  2.620E+14  2.628E+14  2.632E+14  2.636E+14  2.637E+14  2.638E+14  2.637E+14  2.635E+14  2.631E+14  2.626E+14  2.618E+14  2.607E+14  2.593E+14  2.576E+14  2.553E+14  2.523E+14  2.490E+14  2.450E+14  2.403E+14  2.346E+14  2.280E+14  2.205E+14  2.118E+14  2.020E+14  1.908E+14  1.783E+14  1.641E+14  1.482E+14  1.299E+14  1.089E+14  8.523E+13  5.829E+13  3.054E+13  9.607E+12  1.037E+12  2.444E+10  1.462E+09  6.253E+06  0.000E+00  0.000E+00  0.000E+00  0.000E+00  0.000E+00
  610.0000  0.000E+00  0.000E+00  0.000E+00  0.000E+00  0.000E+00  0.000E+00  0.000E+00  0.000E+00  0.000E+00  0.000E+00  0.000E+00  0.000E+00  0.000E+00  0.000E+00  0.000E+00  0.000E+00  0.000E+00  0.000E+00  0.000E+00  0.000E+00  0.000E+00  0.000E+00  0.000E+00  1.863E+08  2.700E+09  8.631E+10  2.633E+12  1.536E+13  3.978E+13  6.773E+13  9.352E+13  1.160E+14  1.357E+14  1.528E+14  1.679E+14  1.813E+14  1.931E+14  2.036E+14  2.129E+14  2.211E+14  2.282E+14  2.344E+14  2.396E+14  2.440E+14  2.477E+14  2.508E+14  2.536E+14  2.556E+14  2.572E+14  2.585E+14  2.594E+14  2.601E+14  2.605E+14  2.609E+14  2.610E+14  2.611E+14  2.610E+14  2.608E+14  2.604E+14  2.599E+14  2.591E+14  2.581E+14  2.568E+14  2.550E+14  2.529E+14  2.499E+14  2.467E+14  2.427E+14  2.381E+14  2.326E+14  2.261E+14  2.187E+14  2.102E+14  2.006E+14  1.897E+14  1.774E+14  1.635E+14  1.478E+14  1.300E+14  1.092E+14  8.594E+13  5.921E+13  3.140E+13  1.006E+13  1.120E+12  2.573E+10  1.501E+09  7.352E+06  0.000E+00  0.000E+00  0.000E+00  0.000E+00  0.000E+00
  615.0000  0.000E+00  0.000E+00  0.000E+00  0.000E+00  0.000E+00  0.000E+00  0.000E+00  0.000E+00  0.000E+00  0.000E+00  0.000E+00  0.000E+00  0.000E+00  0.000E+00  0.000E+00  0.000E+00  0.000E+00  0.000E+00  0.000E+00  0.000E+00  0.000E+00  0.000E+00  0.000E+00  2.030E+08  2.781E+09  9.244E+10  2.813E+12  1.589E+13  4.041E+13  6.802E+13  9.325E+13  1.151E+14  1.342E+14  1.508E+14  1.655E+14  1.784E+14  1.899E+14  2.001E+14  2.091E+14  2.169E+14  2.238E+14  2.298E+14  2.349E+14  2.391E+14  2.427E+14  2.457E+14  2.484E+14  2.503E+14  2.519E+14  2.530E+14  2.540E+14  2.546E+14  2.551E+14  2.553E+14  2.555E+14  2.556E+14  2.555E+14  2.553E+14  2.549E+14  2.544E+14  2.537E+14  2.527E+14  2.515E+14  2.498E+14  2.477E+14  2.449E+14  2.417E+14  2.379E+14  2.335E+14  2.281E+14  2.219E+14  2.147E+14  2.065E+14  1.971E+14  1.866E+14  1.747E+14  1.612E+14  1.459E+14  1.287E+14  1.086E+14  8.585E+13  5.964E+13  3.204E+13  1.049E+13  1.209E+12  2.706E+10  1.532E+09  8.680E+06  0.000E+00  0.000E+00  0.000E+00  0.000E+00  0.000E+00
  620.0000  0.000E+00  0.000E+00  0.000E+00  0.000E+00  0.000E+00  0.000E+00  0.000E+00  0.000E+00  0.000E+00  0.000E+00  0.000E+00  0.000E+00  0.000E+00  0.000E+00  0.000E+00  0.000E+00  0.000E+00  0.000E+00  0.000E+00  0.000E+00  0.000E+00  0.000E+00  0.000E+00  2.255E+08  2.950E+09  1.014E+11  3.074E+12  1.690E+13  4.237E+13  7.065E+13  9.627E+13  1.184E+14  1.376E+14  1.544E+14  1.692E+14  1.822E+14  1.938E+14  2.040E+14  2.131E+14  2.210E+14  2.280E+14  2.340E+14  2.392E+14  2.434E+14  2.470E+14  2.499E+14  2.527E+14  2.546E+14  2.562E+14  2.574E+14  2.583E+14  2.589E+14  2.594E+14  2.597E+14  2.598E+14  2.599E+14  2.598E+14  2.596E+14  2.592E+14  2.587E+14  2.580E+14  2.571E+14  2.558E+14  2.541E+14  2.520E+14  2.492E+14  2.460E+14  2.421E+14  2.377E+14  2.323E+14  2.260E+14  2.188E+14  2.105E+14  2.011E+14  1.904E+14  1.784E+14  1.649E+14  1.496E+14  1.321E+14  1.118E+14  8.877E+13  6.209E+13  3.372E+13  1.124E+13  1.334E+12  2.929E+10  1.615E+09  1.033E+07  0.000E+00  0.000E+00  0.000E+00  0.000E+00  0.000E+00
  625.0000  0.000E+00  0.000E+00  0.000E+00  0.000E+00  0.000E+00  0.000E+00  0.000E+00  0.000E+00  0.000E+00  0.000E+00  0.000E+00  0.000E+00  0.000E+00  0.000E+00  0.000E+00  0.000E+00  0.000E+00  0.000E+00  0.000E+00  0.000E+00  0.000E+00  0.000E+00  0.000E+00  2.375E+08  2.989E+09  1.053E+11  3.195E+12  1.719E+13  4.260E+13  7.048E+13  9.557E+13  1.172E+14  1.359E+14  1.523E+14  1.666E+14  1.793E+14  1.906E+14  2.005E+14  2.093E+14  2.171E+14  2.238E+14  2.297E+14  2.347E+14  2.388E+14  2.423E+14  2.452E+14  2.478E+14  2.498E+14  2.513E+14  2.524E+14  2.533E+14  2.539E+14  2.543E+14  2.546E+14  2.548E+14  2.548E+14  2.547E+14  2.545E+14  2.542E+14  2.537E+14  2.530E+14  2.521E+14  2.508E+14  2.492E+14  2.472E+14  2.444E+14  2.413E+14  2.376E+14  2.333E+14  2.280E+14  2.219E+14  2.149E+14  2.068E+14  1.976E+14  1.873E+14  1.756E+14  1.624E+14  1.475E+14  1.305E+14  1.107E+14  8.824E+13  6.207E+13  3.401E+13  1.149E+13  1.397E+12  2.991E+10  1.631E+09  1.154E+07  0.000E+00  0.000E+00  0.000E+00  0.000E+00  0.000E+00
  630.0000  0.000E+00  0.000E+00  0.000E+00  0.000E+00  0.000E+00  0.000E+00  0.000E+00  0.000E+00  0.000E+00  0.000E+00  0.000E+00  0.000E+00  0.000E+00  0.000E+00  0.000E+00  0.000E+00  0.000E+00  0.000E+00  0.000E+00  0.000E+00  0.000E+00  0.000E+00  0.000E+00  2.575E+08  3.114E+09  1.132E+11  3.413E+12  1.794E+13  4.390E+13  7.203E+13  9.717E+13  1.187E+14  1.374E+14  1.537E+14  1.680E+14  1.806E+14  1.918E+14  2.017E+14  2.105E+14  2.182E+14  2.249E+14  2.308E+14  2.358E+14  2.398E+14  2.433E+14  2.462E+14  2.488E+14  2.507E+14  2.522E+14  2.533E+14  2.542E+14  2.548E+14  2.552E+14  2.555E+14  2.556E+14  2.557E+14  2.556E+14  2.554E+14  2.551E+14  2.546E+14  2.539E+14  2.530E+14  2.518E+14  2.502E+14  2.482E+14  2.454E+14  2.424E+14  2.386E+14  2.343E+14  2.291E+14  2.230E+14  2.160E+14  2.080E+14  1.989E+14  1.886E+14  1.769E+14  1.638E+14  1.490E+14  1.320E+14  1.123E+14  8.983E+13  6.358E+13  3.517E+13  1.205E+13  1.506E+12  3.180E+10  1.691E+09  1.329E+07  0.000E+00  0.000E+00  0.000E+00  0.000E+00  0.000E+00
  635.0000  0.000E+00  0.000E+00  0.000E+00  0.000E+00  0.000E+00  0.000E+00  0.000E+00  0.000E+00  0.000E+00  0.000E+00  0.000E+00  0.000E+00  0.000E+00  0.000E+00  0.000E+00  0.000E+00  0.000E+00  0.000E+00  0.000E+00  0.000E+00  0.000E+00  0.000E+00  0.000E+00  2.786E+08  3.230E+09  1.213E+11  3.632E+12  1.861E+13  4.493E+13  7.309E+13  9.806E+13  1.194E+14  1.379E+14  1.539E+14  1.680E+14  1.805E+14  1.915E+14  2.013E+14  2.100E+14  2.176E+14  2.242E+14  2.300E+14  2.349E+14  2.389E+14  2.424E+14  2.452E+14  2.478E+14  2.496E+14  2.511E+14  2.522E+14  2.530E+14  2.536E+14  2.541E+14  2.543E+14  2.545E+14  2.545E+14  2.544E+14  2.543E+14  2.539E+14  2.535E+14  2.528E+14  2.519E+14  2.507E+14  2.491E+14  2.471E+14  2.444E+14  2.414E+14  2.377E+14  2.335E+14  2.283E+14  2.223E+14  2.154E+14  2.075E+14  1.985E+14  1.883E+14  1.768E+14  1.639E+14  1.492E+14  1.325E+14  1.130E+14  9.079E+13  6.466E+13  3.613E+13  1.258E+13  1.618E+12  3.359E+10  1.744E+09  1.528E+07  0.000E+00  0.000E+00  0.000E+00  0.000E+00  0.000E+00
  640.0000  0.000E+00  0.000E+00  0.000E+00  0.000E+00  0.000E+00  0.000E+00  0.000E+00  0.000E+00  0.000E+00  0.000E+00  0.000E+00  0.000E+00  0.000E+00  0.000E+00  0.000E+00  0.000E+00  0.000E+00  0.000E+00  0.000E+00  0.000E+00  0.000E+00  0.000E+00  0.000E+00  3.009E+08  3.345E+09  1.300E+11  3.853E+12  1.924E+13  4.581E+13  7.385E+13  9.852E+13  1.195E+14  1.377E+14  1.534E+14  1.673E+14  1.795E+14  1.904E+14  2.000E+14  2.085E+14  2.160E+14  2.225E+14  2.282E+14  2.330E+14  2.369E+14  2.403E+14  2.431E+14  2.456E+14  2.474E+14  2.488E+14  2.499E+14  2.507E+14  2.513E+14  2.517E+14  2.520E+14  2.521E+14  2.522E+14  2.521E+14  2.519E+14  2.516E+14  2.512E+14  2.505E+14  2.496E+14  2.484E+14  2.469E+14  2.450E+14  2.423E+14  2.394E+14  2.358E+14  2.316E+14  2.265E+14  2.206E+14  2.138E+14  2.061E+14  1.972E+14  1.872E+14  1.760E+14  1.633E+14  1.488E+14  1.324E+14  1.132E+14  9.135E+13  6.549E+13  3.697E+13  1.309E+13  1.734E+12  3.542E+10  1.793E+09  1.752E+07  0.000E+00  0.000E+00  0.000E+00  0.000E+00  0.000E+00
  644.8000  0.000E+00  0.000E+00  0.000E+00  0.000E+00  0.000E+00  0.000E+00  0.000E+00  0.000E+00  0.000E+00  0.000E+00  0.000E+00  0.000E+00  0.000E+00  0.000E+00  0.000E+00  0.000E+00  0.000E+00  0.000E+00  0.000E+00  0.000E+00  0.000E+00  0.000E+00  0.000E+00  3.233E+08  3.463E+09  1.388E+11  4.074E+12  1.989E+13  4.679E+13  7.485E+13  9.937E+13  1.201E+14  1.381E+14  1.537E+14  1.674E+14  1.795E+14  1.902E+14  1.998E+14  2.082E+14  2.156E+14  2.220E+14  2.276E+14  2.324E+14  2.362E+14  2.396E+14  2.424E+14  2.448E+14  2.466E+14  2.480E+14  2.491E+14  2.499E+14  2.505E+14  2.509E+14  2.511E+14  2.513E+14  2.513E+14  2.512E+14  2.511E+14  2.508E+14  2.503E+14  2.496E+14  2.488E+14  2.476E+14  2.461E+14  2.442E+14  2.416E+14  2.387E+14  2.351E+14  2.310E+14  2.260E+14  2.202E+14  2.134E+14  2.057E+14  1.970E+14  1.871E+14  1.760E+14  1.634E+14  1.492E+14  1.329E+14  1.139E+14  9.225E+13  6.651E+13  3.789E+13  1.360E+13  1.850E+12  3.735E+10  1.847E+09  1.984E+07  0.000E+00  0.000E+00  0.000E+00  0.000E+00  0.000E+00
  651.0500  0.000E+00  0.000E+00  0.000E+00  0.000E+00  0.000E+00  0.000E+00  0.000E+00  0.000E+00  0.000E+00  0.000E+00  0.000E+00  0.000E+00  0.000E+00  0.000E+00  0.000E+00  0.000E+00  0.000E+00  0.000E+00  0.000E+00  0.000E+00  0.000E+00  0.000E+00  0.000E+00  3.468E+08  3.569E+09  1.477E+11  4.296E+12  2.048E+13  4.758E+13  7.546E+13  9.965E+13  1.201E+14  1.377E+14  1.530E+14  1.664E+14  1.783E+14  1.889E+14  1.982E+14  2.065E+14  2.137E+14  2.201E+14  2.255E+14  2.302E+14  2.341E+14  2.374E+14  2.401E+14  2.425E+14  2.442E+14  2.456E+14  2.466E+14  2.474E+14  2.480E+14  2.484E+14  2.486E+14  2.487E+14  2.488E+14  2.487E+14  2.486E+14  2.483E+14  2.478E+14  2.472E+14  2.464E+14  2.452E+14  2.437E+14  2.419E+14  2.393E+14  2.364E+14  2.329E+14  2.289E+14  2.240E+14  2.183E+14  2.116E+14  2.041E+14  1.955E+14  1.858E+14  1.749E+14  1.625E+14  1.486E+14  1.326E+14  1.140E+14  9.264E+13  6.720E+13  3.865E+13  1.408E+13  1.971E+12  3.918E+10  1.896E+09  2.259E+07  0.000E+00  0.000E+00  0.000E+00  0.000E+00  0.000E+00
  660.0000  0.000E+00  0.000E+00  0.000E+00  0.000E+00  0.000E+00  0.000E+00  0.000E+00  0.000E+00  0.000E+00  0.000E+00  0.000E+00  0.000E+00  0.000E+00  0.000E+00  0.000E+00  0.000E+00  0.000E+00  0.000E+00  0.000E+00  0.000E+00  0.000E+00  0.000E+00  0.000E+00  3.709E+08  3.604E+09  1.565E+11  4.478E+12  2.062E+13  4.706E+13  7.375E+13  9.666E+13  1.159E+14  1.325E+14  1.469E+14  1.595E+14  1.707E+14  1.806E+14  1.894E+14  1.972E+14  2.040E+14  2.100E+14  2.152E+14  2.196E+14  2.232E+14  2.263E+14  2.288E+14  2.311E+14  2.327E+14  2.340E+14  2.350E+14  2.357E+14  2.362E+14  2.366E+14  2.368E+14  2.369E+14  2.370E+14  2.369E+14  2.368E+14  2.365E+14  2.361E+14  2.355E+14  2.347E+14  2.336E+14  2.323E+14  2.305E+14  2.281E+14  2.254E+14  2.221E+14  2.183E+14  2.137E+14  2.083E+14  2.021E+14  1.949E+14  1.869E+14  1.777E+14  1.674E+14  1.558E+14  1.427E+14  1.277E+14  1.102E+14  9.004E+13  6.588E+13  3.842E+13  1.429E+13  2.084E+12  4.066E+10  1.905E+09  2.622E+07  0.000E+00  0.000E+00  0.000E+00  0.000E+00  0.000E+00
  670.0000  0.000E+00  0.000E+00  0.000E+00  0.000E+00  0.000E+00  0.000E+00  0.000E+00  0.000E+00  0.000E+00  0.000E+00  0.000E+00  0.000E+00  0.000E+00  0.000E+00  0.000E+00  0.000E+00  0.000E+00  0.000E+00  0.000E+00  0.000E+00  0.000E+00  0.000E+00  0.000E+00  4.352E+08  3.975E+09  1.822E+11  5.098E+12  2.260E+13  5.057E+13  7.820E+13  1.016E+14  1.212E+14  1.381E+14  1.527E+14  1.656E+14  1.769E+14  1.870E+14  1.960E+14  2.039E+14  2.108E+14  2.169E+14  2.222E+14  2.267E+14  2.303E+14  2.335E+14  2.361E+14  2.384E+14  2.400E+14  2.413E+14  2.423E+14  2.431E+14  2.436E+14  2.440E+14  2.442E+14  2.443E+14  2.443E+14  2.443E+14  2.441E+14  2.439E+14  2.434E+14  2.429E+14  2.421E+14  2.410E+14  2.396E+14  2.378E+14  2.354E+14  2.326E+14  2.293E+14  2.254E+14  2.207E+14  2.152E+14  2.088E+14  2.016E+14  1.934E+14  1.841E+14  1.736E+14  1.618E+14  1.485E+14  1.332E+14  1.154E+14  9.488E+13  7.009E+13  4.151E+13  1.579E+13  2.413E+12  4.626E+10  2.087E+09  3.355E+07  0.000E+00  0.000E+00  0.000E+00  0.000E+00  0.000E+00
  680.0000  0.000E+00  0.000E+00  0.000E+00  0.000E+00  0.000E+00  0.000E+00  0.000E+00  0.000E+00  0.000E+00  0.000E+00  0.000E+00  0.000E+00  0.000E+00  0.000E+00  0.000E+00  0.000E+00  0.000E+00  0.000E+00  0.000E+00  0.000E+00  0.000E+00  0.000E+00  0.000E+00  4.795E+08  4.146E+09  1.995E+11  5.467E+12  2.347E+13  5.165E+13  7.896E+13  1.019E+14  1.210E+14  1.374E+14  1.516E+14  1.641E+14  1.752E+14  1.850E+14  1.938E+14  2.015E+14  2.083E+14  2.142E+14  2.193E+14  2.237E+14  2.273E+14  2.304E+14  2.329E+14  2.351E+14  2.368E+14  2.380E+14  2.390E+14  2.397E+14  2.402E+14  2.406E+14  2.408E+14  2.409E+14  2.410E+14  2.409E+14  2.407E+14  2.405E+14  2.401E+14  2.395E+14  2.388E+14  2.377E+14  2.363E+14  2.346E+14  2.322E+14  2.295E+14  2.263E+14  2.225E+14  2.179E+14  2.125E+14  2.063E+14  1.993E+14  1.912E+14  1.822E+14  1.720E+14  1.605E+14  1.475E+14  1.327E+14  1.153E+14  9.530E+13  7.099E+13  4.259E+13  1.651E+13  2.626E+12  4.961E+10  2.172E+09  3.988E+07  0.000E+00  0.000E+00  0.000E+00  0.000E+00  0.000E+00
  690.0000  0.000E+00  0.000E+00  0.000E+00  0.000E+00  0.000E+00  0.000E+00  0.000E+00  0.000E+00  0.000E+00  0.000E+00  0.000E+00  0.000E+00  0.000E+00  0.000E+00  0.000E+00  0.000E+00  0.000E+00  0.000E+00  0.000E+00  0.000E+00  0.000E+00  0.000E+00  0.000E+00  5.206E+08  4.296E+09  2.153E+11  5.799E+12  2.425E+13  5.263E+13  7.969E+13  1.022E+14  1.209E+14  1.370E+14  1.509E+14  1.631E+14  1.740E+14  1.836E+14  1.922E+14  1.997E+14  2.064E+14  2.122E+14  2.173E+14  2.216E+14  2.251E+14  2.281E+14  2.306E+14  2.328E+14  2.344E+14  2.356E+14  2.366E+14  2.373E+14  2.378E+14  2.381E+14  2.383E+14  2.384E+14  2.385E+14  2.384E+14  2.383E+14  2.380E+14  2.376E+14  2.371E+14  2.363E+14  2.353E+14  2.339E+14  2.322E+14  2.299E+14  2.273E+14  2.241E+14  2.204E+14  2.158E+14  2.106E+14  2.045E+14  1.976E+14  1.897E+14  1.808E+14  1.708E+14  1.596E+14  1.469E+14  1.324E+14  1.153E+14  9.575E+13  7.183E+13  4.358E+13  1.715E+13  2.822E+12  5.247E+10  2.253E+09  4.627E+07  0.000E+00  0.000E+00  0.000E+00  0.000E+00  0.000E+00
  700.0000  0.000E+00  0.000E+00  0.000E+00  0.000E+00  0.000E+00  0.000E+00  0.000E+00  0.000E+00  0.000E+00  0.000E+00  0.000E+00  0.000E+00  0.000E+00  0.000E+00  0.000E+00  0.000E+00  0.000E+00  0.000E+00  0.000E+00  0.000E+00  0.000E+00  0.000E+00  0.000E+00  5.646E+08  4.444E+09  2.322E+11  6.134E+12  2.498E+13  5.348E+13  8.018E+13  1.022E+14  1.205E+14  1.362E+14  1.497E+14  1.616E+14  1.722E+14  1.816E+14  1.900E+14  1.974E+14  2.040E+14  2.097E+14  2.146E+14  2.188E+14  2.223E+14  2.252E+14  2.277E+14  2.298E+14  2.313E+14  2.326E+14  2.335E+14  2.342E+14  2.347E+14  2.350E+14  2.352E+14  2.353E+14  2.353E+14  2.353E+14  2.351E+14  2.349E+14  2.345E+14  2.340E+14  2.332E+14  2.322E+14  2.309E+14  2.292E+14  2.270E+14  2.244E+14  2.213E+14  2.176E+14  2.132E+14  2.080E+14  2.021E+14  1.953E+14  1.876E+14  1.789E+14  1.692E+14  1.582E+14  1.458E+14  1.316E+14  1.150E+14  9.591E+13  7.245E+13  4.445E+13  1.777E+13  3.025E+12  5.567E+10  2.332E+09  5.346E+07  0.000E+00  0.000E+00  0.000E+00  0.000E+00  0.000E+00
  710.0000  0.000E+00  0.000E+00  0.000E+00  0.000E+00  0.000E+00  0.000E+00  0.000E+00  0.000E+00  0.000E+00  0.000E+00  0.000E+00  0.000E+00  0.000E+00  0.000E+00  0.000E+00  0.000E+00  0.000E+00  0.000E+00  0.000E+00  0.000E+00  0.000E+00  0.000E+00  0.000E+00  5.906E+08  4.481E+09  2.419E+11  6.307E+12  2.523E+13  5.352E+13  7.967E+13  1.011E+14  1.189E+14  1.341E+14  1.473E+14  1.588E+14  1.691E+14  1.783E+14  1.865E+14  1.937E+14  2.001E+14  2.056E+14  2.104E+14  2.146E+14  2.179E+14  2.208E+14  2.232E+14  2.253E+14  2.268E+14  2.280E+14  2.289E+14  2.296E+14  2.300E+14  2.304E+14  2.306E+14  2.307E+14  2.307E+14  2.307E+14  2.305E+14  2.303E+14  2.299E+14  2.294E+14  2.286E+14  2.277E+14  2.264E+14  2.247E+14  2.225E+14  2.200E+14  2.169E+14  2.134E+14  2.091E+14  2.040E+14  1.982E+14  1.916E+14  1.841E+14  1.757E+14  1.662E+14  1.555E+14  1.434E+14  1.297E+14  1.136E+14  9.499E+13  7.213E+13  4.461E+13  1.801E+13  3.142E+12  5.699E+10  2.367E+09  5.894E+07  0.000E+00  0.000E+00  0.000E+00  0.000E+00  0.000E+00
  720.0000  0.000E+00  0.000E+00  0.000E+00  0.000E+00  0.000E+00  0.000E+00  0.000E+00  0.000E+00  0.000E+00  0.000E+00  0.000E+00  0.000E+00  0.000E+00  0.000E+00  0.000E+00  0.000E+00  0.000E+00  0.000E+00  0.000E+00  0.000E+00  0.000E+00  0.000E+00  0.000E+00  6.067E+08  4.453E+09  2.476E+11  6.379E+12  2.514E+13  5.290E+13  7.825E+13  9.895E+13  1.160E+14  1.306E+14  1.433E+14  1.545E+14  1.644E+14  1.733E+14  1.812E+14  1.881E+14  1.943E+14  1.997E+14  2.043E+14  2.083E+14  2.116E+14  2.144E+14  2.167E+14  2.187E+14  2.202E+14  2.213E+14  2.222E+14  2.229E+14  2.233E+14  2.237E+14  2.239E+14  2.240E+14  2.240E+14  2.239E+14  2.238E+14  2.236E+14  2.232E+14  2.227E+14  2.220E+14  2.210E+14  2.198E+14  2.182E+14  2.161E+14  2.136E+14  2.106E+14  2.072E+14  2.030E+14  1.981E+14  1.925E+14  1.861E+14  1.789E+14  1.707E+14  1.615E+14  1.512E+14  1.396E+14  1.264E+14  1.109E+14  9.302E+13  7.095E+13  4.420E+13  1.799E+13  3.209E+12  5.747E+10  2.370E+09  6.351E+07  0.000E+00  0.000E+00  0.000E+00  0.000E+00  0.000E+00
  730.0000  0.000E+00  0.000E+00  0.000E+00  0.000E+00  0.000E+00  0.000E+00  0.000E+00  0.000E+00  0.000E+00  0.000E+00  0.000E+00  0.000E+00  0.000E+00  0.000E+00  0.000E+00  0.000E+00  0.000E+00  0.000E+00  0.000E+00  0.000E+00  0.000E+00  0.000E+00  0.000E+00  6.343E+08  4.490E+09  2.579E+11  6.548E+12  2.537E+13  5.290E+13  7.772E+13  9.787E+13  1.144E+14  1.287E+14  1.410E+14  1.519E+14  1.615E+14  1.702E+14  1.778E+14  1.847E+14  1.907E+14  1.959E+14  2.005E+14  2.044E+14  2.076E+14  2.103E+14  2.126E+14  2.145E+14  2.160E+14  2.171E+14  2.180E+14  2.186E+14  2.190E+14  2.194E+14  2.196E+14  2.197E+14  2.197E+14  2.196E+14  2.195E+14  2.193E+14  2.189E+14  2.184E+14  2.177E+14  2.168E+14  2.156E+14  2.140E+14  2.119E+14  2.095E+14  2.066E+14  2.033E+14  1.992E+14  1.944E+14  1.889E+14  1.827E+14  1.756E+14  1.677E+14  1.587E+14  1.487E+14  1.374E+14  1.246E+14  1.095E+14  9.211E+13  7.060E+13  4.433E+13  1.821E+13  3.327E+12  5.882E+10  2.406E+09  6.963E+07  0.000E+00  0.000E+00  0.000E+00  0.000E+00  0.000E+00
------------------------------------------------------------
Photolysis rate coefficients, s-1
   1 = O3 -> O2 + O(1D)                                  
   2 = H2O2 -> 2 OH                                      
   3 = NO2 -> NO + O(3P)                                 
   4 = NO3 -> NO + O2                                    
   5 = NO3 -> NO2 + O(3P)                                
   6 = CH2O -> H + HCO                                   
   7 = CH2O -> H2 + CO                                   
values at z =      0.306 km
Columns: time, sza, photo-reactions
time, hrs.  sza, deg.          1          2          3          4          5          6          7
    0.0000    118.645  0.000E+00  0.000E+00  0.000E+00  0.000E+00  0.000E+00  0.000E+00  0.000E+00
    0.2500    119.978  0.000E+00  0.000E+00  0.000E+00  0.000E+00  0.000E+00  0.000E+00  0.000E+00
    0.5000    121.125  0.000E+00  0.000E+00  0.000E+00  0.000E+00  0.000E+00  0.000E+00  0.000E+00
    0.7500    122.075  0.000E+00  0.000E+00  0.000E+00  0.000E+00  0.000E+00  0.000E+00  0.000E+00
    1.0000    122.818  0.000E+00  0.000E+00  0.000E+00  0.000E+00  0.000E+00  0.000E+00  0.000E+00
    1.2500    123.344  0.000E+00  0.000E+00  0.000E+00  0.000E+00  0.000E+00  0.000E+00  0.000E+00
    1.5000    123.649  0.000E+00  0.000E+00  0.000E+00  0.000E+00  0.000E+00  0.000E+00  0.000E+00
    1.7500    123.729  0.000E+00  0.000E+00  0.000E+00  0.000E+00  0.000E+00  0.000E+00  0.000E+00
    2.0000    123.583  0.000E+00  0.000E+00  0.000E+00  0.000E+00  0.000E+00  0.000E+00  0.000E+00
    2.2500    123.212  0.000E+00  0.000E+00  0.000E+00  0.000E+00  0.000E+00  0.000E+00  0.000E+00
    2.5000    122.620  0.000E+00  0.000E+00  0.000E+00  0.000E+00  0.000E+00  0.000E+00  0.000E+00
    2.7500    121.816  0.000E+00  0.000E+00  0.000E+00  0.000E+00  0.000E+00  0.000E+00  0.000E+00
    3.0000    120.806  0.000E+00  0.000E+00  0.000E+00  0.000E+00  0.000E+00  0.000E+00  0.000E+00
    3.2500    119.603  0.000E+00  0.000E+00  0.000E+00  0.000E+00  0.000E+00  0.000E+00  0.000E+00
    3.5000    118.217  0.000E+00  0.000E+00  0.000E+00  0.000E+00  0.000E+00  0.000E+00  0.000E+00
    3.7500    116.660  0.000E+00  0.000E+00  0.000E+00  0.000E+00  0.000E+00  0.000E+00  0.000E+00
    4.0000    114.946  0.000E+00  0.000E+00  0.000E+00  0.000E+00  0.000E+00  0.000E+00  0.000E+00
    4.2500    113.085  0.000E+00  0.000E+00  0.000E+00  0.000E+00  0.000E+00  0.000E+00  0.000E+00
    4.5000    111.091  0.000E+00  0.000E+00  0.000E+00  0.000E+00  0.000E+00  0.000E+00  0.000E+00
    4.7500    108.975  0.000E+00  0.000E+00  0.000E+00  0.000E+00  0.000E+00  0.000E+00  0.000E+00
    5.0000    106.748  0.000E+00  0.000E+00  0.000E+00  0.000E+00  0.000E+00  0.000E+00  0.000E+00
    5.2500    104.419  0.000E+00  0.000E+00  0.000E+00  0.000E+00  0.000E+00  0.000E+00  0.000E+00
    5.5000    101.999  0.000E+00  0.000E+00  0.000E+00  0.000E+00  0.000E+00  0.000E+00  0.000E+00
    5.7500     99.496  6.839E-14  4.408E-13  1.946E-09  7.673E-09  6.734E-08  4.907E-13  3.018E-12
    6.0000     96.917  3.075E-11  3.484E-11  8.359E-08  1.091E-07  1.093E-06  8.925E-11  2.631E-10
    6.2500     94.271  1.582E-09  1.741E-09  3.874E-06  3.580E-06  3.980E-05  4.727E-09  1.328E-08
    6.5000     91.563  1.440E-08  1.951E-08  4.886E-05  1.070E-04  9.328E-04  4.820E-08  1.482E-07
    6.7500     88.800  5.410E-08  8.522E-08  2.150E-04  6.146E-04  5.166E-03  2.168E-07  6.522E-07
    7.0000     85.987  1.359E-07  2.081E-07  4.981E-04  1.578E-03  1.295E-02  5.803E-07  1.596E-06
    7.2500     83.130  2.813E-07  3.869E-07  8.755E-04  2.679E-03  2.218E-02  1.171E-06  2.949E-06
    7.5000     80.231  5.195E-07  6.195E-07  1.320E-03  3.694E-03  3.099E-02  2.003E-06  4.681E-06
    7.7500     77.297  8.853E-07  8.994E-07  1.797E-03  4.578E-03  3.881E-02  3.071E-06  6.731E-06
    8.0000     74.330  1.413E-06  1.216E-06  2.279E-03  5.352E-03  4.572E-02  4.348E-06  9.006E-06
    8.2500     71.334  2.129E-06  1.559E-06  2.746E-03  6.027E-03  5.177E-02  5.797E-06  1.142E-05
    8.5000     68.312  3.047E-06  1.915E-06  3.190E-03  6.620E-03  5.708E-02  7.344E-06  1.386E-05
    8.7500     65.268  4.173E-06  2.277E-06  3.605E-03  7.146E-03  6.178E-02  8.970E-06  1.629E-05
    9.0000     62.205  5.497E-06  2.639E-06  3.989E-03  7.612E-03  6.595E-02  1.063E-05  1.866E-05
    9.2500     59.125  7.003E-06  2.995E-06  4.341E-03  8.024E-03  6.963E-02  1.228E-05  2.092E-05
    9.5000     56.032  8.665E-06  3.339E-06  4.662E-03  8.389E-03  7.288E-02  1.391E-05  2.308E-05
    9.7500     52.929  1.045E-05  3.670E-06  4.954E-03  8.709E-03  7.573E-02  1.549E-05  2.509E-05
   10.0000     49.818  1.234E-05  3.984E-06  5.216E-03  8.989E-03  7.822E-02  1.701E-05  2.697E-05
   10.2500     46.703  1.428E-05  4.280E-06  5.452E-03  9.231E-03  8.037E-02  1.844E-05  2.871E-05
   10.5000     43.589  1.624E-05  4.557E-06  5.661E-03  9.438E-03  8.222E-02  1.979E-05  3.029E-05
   10.7500     40.478  1.816E-05  4.805E-06  5.841E-03  9.608E-03  8.373E-02  2.102E-05  3.170E-05
   11.0000     37.379  2.004E-05  5.038E-06  6.003E-03  9.755E-03  8.504E-02  2.217E-05  3.299E-05
   11.2500     34.296  2.194E-05  5.251E-06  6.145E-03  9.876E-03  8.613E-02  2.322E-05  3.415E-05
   11.5000     31.239  2.371E-05  5.451E-06  6.275E-03  9.984E-03  8.710E-02  2.421E-05  3.523E-05
   11.7500     28.221  2.534E-05  5.620E-06  6.380E-03  1.006E-02  8.783E-02  2.506E-05  3.613E-05
   12.0000     25.259  2.682E-05  5.769E-06  6.469E-03  1.013E-02  8.840E-02  2.580E-05  3.691E-05
   12.2500     22.379  2.814E-05  5.896E-06  6.542E-03  1.018E-02  8.885E-02  2.643E-05  3.757E-05
   12.5000     19.623  2.927E-05  6.002E-06  6.602E-03  1.021E-02  8.918E-02  2.697E-05  3.811E-05
   12.7500     17.051  3.021E-05  6.088E-06  6.649E-03  1.024E-02  8.943E-02  2.740E-05  3.855E-05
   13.0000     14.765  3.094E-05  6.154E-06  6.685E-03  1.026E-02  8.961E-02  2.773E-05  3.888E-05
   13.2500     12.921  3.146E-05  6.200E-06  6.709E-03  1.027E-02  8.972E-02  2.796E-05  3.912E-05
   13.5000     11.730  3.177E-05  6.226E-06  6.723E-03  1.028E-02  8.979E-02  2.809E-05  3.925E-05
   13.7500     11.400  3.184E-05  6.233E-06  6.727E-03  1.028E-02  8.980E-02  2.813E-05  3.928E-05
   14.0000     12.003  3.170E-05  6.220E-06  6.720E-03  1.028E-02  8.977E-02  2.807E-05  3.922E-05
   14.2500     13.413  3.133E-05  6.188E-06  6.703E-03  1.027E-02  8.969E-02  2.790E-05  3.906E-05
   14.5000     15.410  3.075E-05  6.136E-06  6.675E-03  1.025E-02  8.956E-02  2.764E-05  3.880E-05
   14.7500     17.794  2.995E-05  6.064E-06  6.637E-03  1.023E-02  8.937E-02  2.728E-05  3.843E-05
   15.0000     20.430  2.895E-05  5.972E-06  6.586E-03  1.020E-02  8.909E-02  2.682E-05  3.796E-05
   15.2500     23.229  2.776E-05  5.860E-06  6.522E-03  1.016E-02  8.872E-02  2.625E-05  3.738E-05
   15.5000     26.137  2.639E-05  5.726E-06  6.444E-03  1.011E-02  8.824E-02  2.559E-05  3.669E-05
   15.7500     29.118  2.487E-05  5.572E-06  6.350E-03  1.004E-02  8.763E-02  2.482E-05  3.588E-05
   16.0000     32.150  2.320E-05  5.396E-06  6.240E-03  9.957E-03  8.686E-02  2.394E-05  3.494E-05
   16.2500     35.217  2.138E-05  5.190E-06  6.105E-03  9.842E-03  8.583E-02  2.291E-05  3.382E-05
   16.5000     38.306  1.950E-05  4.971E-06  5.957E-03  9.714E-03  8.467E-02  2.183E-05  3.262E-05
   16.7500     41.411  1.758E-05  4.731E-06  5.788E-03  9.558E-03  8.329E-02  2.065E-05  3.128E-05
   17.0000     44.524  1.565E-05  4.476E-06  5.601E-03  9.380E-03  8.170E-02  1.940E-05  2.983E-05
   17.2500     47.640  1.369E-05  4.193E-06  5.384E-03  9.162E-03  7.976E-02  1.802E-05  2.820E-05
   17.5000     50.755  1.176E-05  3.892E-06  5.140E-03  8.909E-03  7.750E-02  1.656E-05  2.642E-05
   17.7500     53.865  9.903E-06  3.572E-06  4.869E-03  8.617E-03  7.491E-02  1.502E-05  2.450E-05
   18.0000     56.967  8.148E-06  3.237E-06  4.569E-03  8.284E-03  7.194E-02  1.342E-05  2.244E-05
   18.2500     60.058  6.530E-06  2.888E-06  4.238E-03  7.905E-03  6.857E-02  1.178E-05  2.025E-05
   18.5000     63.135  5.076E-06  2.530E-06  3.876E-03  7.477E-03  6.474E-02  1.012E-05  1.795E-05
   18.7500     66.194  3.810E-06  2.167E-06  3.482E-03  6.993E-03  6.042E-02  8.472E-06  1.556E-05
   19.0000     69.233  2.746E-06  1.805E-06  3.058E-03  6.448E-03  5.553E-02  6.862E-06  1.311E-05
   19.2500     72.250  1.889E-06  1.450E-06  2.599E-03  5.830E-03  5.000E-02  5.335E-06  1.066E-05
   19.5000     75.239  1.233E-06  1.116E-06  2.133E-03  5.128E-03  4.371E-02  3.939E-06  8.293E-06
   19.7500     78.199  7.559E-07  8.078E-07  1.647E-03  4.312E-03  3.646E-02  2.715E-06  6.064E-06
   20.0000     81.126  4.344E-07  5.426E-07  1.179E-03  3.395E-03  2.838E-02  1.721E-06  4.111E-06
   20.2500     84.015  2.281E-07  3.259E-07  7.504E-04  2.343E-03  1.932E-02  9.635E-07  2.490E-06
   20.5000     86.863  1.049E-07  1.641E-07  3.995E-04  1.248E-03  1.026E-02  4.445E-07  1.259E-06
   20.7500     89.664  3.823E-08  5.891E-08  1.501E-04  4.043E-04  3.446E-03  1.466E-07  4.497E-07
   21.0000     92.414  8.334E-09  1.037E-08  2.528E-05  4.574E-05  4.090E-04  2.616E-08  7.870E-08
   21.2500     95.108  5.446E-10  6.320E-10  1.397E-06  1.068E-06  1.284E-05  1.706E-09  4.845E-09
   21.5000     97.738  1.185E-11  9.197E-12  2.121E-08  5.970E-08  4.948E-07  2.719E-11  6.715E-11
   21.7500    100.298  1.363E-18  1.175E-16  2.002E-12  3.075E-10  1.694E-09  5.631E-18  1.853E-16
   22.0000    102.781  0.000E+00  0.000E+00  0.000E+00  0.000E+00  0.000E+00  0.000E+00  0.000E+00
   22.2500    105.179  0.000E+00  0.000E+00  0.000E+00  0.000E+00  0.000E+00  0.000E+00  0.000E+00
   22.5000    107.483  0.000E+00  0.000E+00  0.000E+00  0.000E+00  0.000E+00  0.000E+00  0.000E+00
   22.7500    109.682  0.000E+00  0.000E+00  0.000E+00  0.000E+00  0.000E+00  0.000E+00  0.000E+00
   23.0000    111.768  0.000E+00  0.000E+00  0.000E+00  0.000E+00  0.000E+00  0.000E+00  0.000E+00
------------------------------------------------------------
